1045626	0.3866652309747502,0.12577627049539483,0.08731487558129174,-0.005862835515345139,0.15257440267576064,0.18309555693213442,0.040481657820207594,0.027535344610161216,0.06889956746278077,0.08547460560160154,0.08500648581359894,0.08442509232234625,0.047108558735452506,0.10424806955433347,0.054264521611919705,0.10317419750050144,0.06096379004603779,0.077946394335278,0.10643245932248657,0.037619420142148655,0.11132775885777826,0.07873954705828569,0.057038269585261786,0.10736115332391814,0.05488412335971954,0.0913994773128347,0.08153193945340059,0.07874196968811466,0.07415370119951856,0.10025301887824008,0.05684650539344067,0.10772917673609143,0.05726141846809482,0.102237003117039,0.06401929842806908,0.09452440308395778,0.07462553347965646,0.08213096693816008,0.08831975969048099,0.07022610871065812,0.09860926188319166,0.06239332395934575,0.10323495746719044,0.0641789860826729,0.09537697746297104,0.0750289207066835,0.08689668009648346,0.07873495091434679,0.0894971382486617,0.07161775769434067,
1050248	0.28058081950572844,0.11636705962051931,0.10542548423803359,0.05915908589912701,0.07773995176415799,0.08417002012928898,0.08085516133120191,0.09147478324262406,0.0800845286729496,0.07314494305186225,0.09076422960778888,0.07740636313929546,0.08091988336249288,0.09066635048920085,0.06943320563534106,0.09458773285903296,0.07416844983132408,0.08976808449559688,0.07865611547516792,0.08370737654576456,0.08755219572022391,0.08008912478211767,0.08509245338603688,0.08372363559687436,0.08020179936096669,0.08895816428784209,0.07785064844602523,0.08884620407374476,0.08112925749347494,0.08569559879357685,0.0840692247482303,0.08378995865271573,0.08510116372469981,0.08334904192523744,0.08578583347936636,0.08263507709016421,0.0870365542146493,0.08180423859931624,0.08792992751070597,0.08151550819562157,0.08853427463237365,0.08127761793106449,0.0885910980610847,0.08241692734501954,0.08672928157726878,0.08468556806953413,0.08526321801353762,0.08564956357989095,0.08527120232756363,0.0853590402432225,
1054480	0.5768815960868489,-0.0019047732667831368,-0.07396168421866406,0.387520751680755,0.056302651623707685,-0.1522925025525653,0.2539979955132073,0.09446871788777327,0.1224750971325032,0.17531626370099493,0.09273584409403281,0.003034052091959347,0.10403093484218684,0.2609399526350261,-0.15775915313880282,0.3099377213587017,0.12238240639062122,-0.047337013974181316,0.1996787177404416,0.2751738424225408,-0.2300933952547414,0.2656845016926679,0.08864022097776879,-0.029388104863556624,0.24284368191134803,-0.011638266781098104,0.10038796990244234,0.09898278549196889,0.09494650808456556,0.054610445065114525,0.12737027461097936,0.06121274166436258,0.09681359570407205,0.10311835934667989,0.06537609568172482,0.11603548935124,0.07245980509175069,0.09264944288177977,0.10454307183107531,0.06372090411507533,0.1317320183851471,0.03627853454846413,0.1583448854280257,0.009733124860338099,0.17128424331267236,0.00719057533346057,0.1618077337511824,0.032670502863603464,0.11848490235870025,0.10494264460062894,
1054703	0.568844482444485,0.07981178755497857,-0.4281705848708603,-0.12257852134440766,0.23070754295085355,0.26642724319510674,0.005950456430645832,0.08817610879129423,0.16408615694573528,0.04631481375057183,-0.03580132584339259,0.18299164282577957,0.0956292151880436,0.05868232903843249,0.03408912050499665,0.17409924669521867,-0.004715282792214234,0.16590449764901627,-0.06578267095192016,0.2873824433757522,-0.13049699729686376,0.1825056823793172,0.09194842127602923,0.01600867729607486,0.18294191566786966,0.005550226966409843,0.11225941701658784,0.05918124806037622,0.10510714063662849,0.05044727549226043,0.1148535009193141,0.07191871731825344,0.07491503493526121,0.1295739554642415,0.013190589130738856,0.18061617293169735,-0.016961841262635072,0.1679859301679157,0.02938851912796079,0.1081129326979768,0.08521738421629134,0.07402667102936117,0.09732204122007551,0.08861008670377056,0.067944236654334,0.12564929710236575,0.04173371201970381,0.1379684540059587,0.05223949405000502,0.10364389927769774,
1056094	0.4582210702001155,0.21924624640174892,-0.08867655828177148,0.10397638125015411,0.20494646347550596,0.119292982612269,0.09981391275340835,0.06204529752846743,0.1661872479625841,0.14511778992015004,0.02816390073528698,0.18758253197949126,0.0661942316205116,0.1326954117763512,0.09850934676353212,0.14255389438119545,0.0771801801350289,0.14977373969002628,0.09990980250215192,0.0915420386988434,0.150977445620346,0.09136090674253099,0.12069840484555575,0.10290421022178711,0.13132466792612404,0.08127956458382973,0.14102198492769397,0.08623229800138058,0.12479461991956349,0.10497689834074057,0.10833377791621195,0.11683861273129313,0.10168188832043595,0.11915514460550534,0.1006543166640501,0.11725567820607707,0.103002447089096,0.11276985805651837,0.1057687934465553,0.11043138869970676,0.10445381772454472,0.11349099732138286,0.09827596848535806,0.11886464298326312,0.09420132061075497,0.11858273473486397,0.09702643523335484,0.11207082906521372,0.10588445762652689,0.0996440634087168,
1057288	0.41897882860565344,0.010043128415375663,-0.02519722669734521,0.03105578010776699,0.13066271813058275,0.020944513455965923,0.13780534057517058,3.950725461408168E-4,0.17922285647878483,0.06869857818239354,0.057764828536612266,0.08253558613860139,0.07774731467846835,0.06824971421438979,0.07447544085606358,0.10504855003901045,0.03575557160396301,0.14007819585314185,0.037772813725118703,0.09158637495801843,0.0967344178362952,0.08170990836617131,0.06020029324362973,0.11547441327883143,0.06590609047238753,0.07529677627460686,0.11948921405804656,0.037706171304690145,0.1236480304258641,0.05415093172268572,0.10567059800884024,0.07141456026534301,0.09823090999946607,0.07323139890344699,0.10041019748448061,0.07112037083213611,0.10110438676281668,0.07393599982412409,0.09752889654982605,0.07660981730156839,0.09979044125079607,0.07081376371108195,0.10912404737312988,0.06545574370560238,0.11053936008028224,0.07123437148646779,0.10366620680406648,0.07697251166844842,0.10164423953919977,0.07647160106131966,
1060094	0.24934151110150762,-0.04661795844423572,-0.04493289222613889,0.013867411821904863,-0.05983007729161553,0.15889415125928327,0.12807285655830544,0.06371495160580928,0.0775780966990621,0.08963943865706749,0.09928849352102766,0.04037679287730165,0.10093606349113053,0.06996756644896616,0.07715988832124665,0.07708640057099579,0.08385729613318467,0.07738878544201525,0.07828846482113108,0.09014552311968864,0.06679386293418747,0.09271302216139865,0.0653026202583926,0.0980830703230092,0.0646100322193897,0.08574144917820287,0.09275268657139726,0.05850032645341839,0.10347322934076009,0.06474368228746712,0.08667122844723099,0.08317320070963782,0.07417365407227863,0.08942233589149877,0.07242619879265204,0.08834127566636757,0.07640713139037274,0.08342944800423158,0.08159962382510985,0.08041800624101121,0.08193376689400128,0.08218374514117069,0.07879056539824916,0.08543828619936186,0.07712206866899719,0.08681242984801527,0.07717999668285475,0.08758191618680167,0.0757632793468297,0.09009076347307463,
1060147	0.53791659587086,0.18108169406160776,0.012026721301259438,0.2362906886022649,-0.02685018379363066,0.09526926675217688,0.2341226874089435,0.04486233370137071,0.1558836375826794,0.07301884470492608,0.09735767321450021,0.17499195746384563,0.04546493182355215,0.142273131719865,0.11860481405917823,0.07805148512673975,0.1570053646769098,0.058725351126276054,0.12898903532267567,0.1255901142614364,0.047621214793598786,0.150116869843276,0.05453970375493115,0.14398436861775066,0.05142296621991968,0.1354193103807554,0.08057320930502083,0.0885675003896566,0.11668165890782844,0.06613557872131448,0.11960224919122847,0.07279013210372513,0.11304248278085904,0.07950386136583967,0.10573586162025213,0.08893495454337924,0.09359006380139133,0.09837007514709449,0.08912664147928755,0.09495727511826399,0.10019163063558131,0.07858588441948011,0.11845393687769097,0.06418405713659082,0.12268242309363162,0.066832551903725,0.11411439935903585,0.07253187248810072,0.11193748040245736,0.07104576626096482,
1073992	0.47725028583349477,0.09977718052730032,-0.07474374122146547,0.2364150139409617,0.05529726913960699,0.1846872075893538,0.008305392706338136,0.11623602522805623,0.10154510557057422,0.10609746785187098,0.04854117963846976,0.15171260133488434,0.023608696207420864,0.13176172623414104,0.08386160958755232,0.08680740440665784,0.10234580179618351,0.08312791002317807,0.10341318671933919,0.08221627641957939,0.0922005790911567,0.09695793271563907,0.08664526381412911,0.10457187003990201,0.07440705625646325,0.1316105857976523,0.05738242139542043,0.13775949144592298,0.06934478698563656,0.10957445033751081,0.09767212178346515,0.0871165661592348,0.10839219145856571,0.08817192834482362,0.10110408971309252,0.098921669559378,0.08967777404785332,0.10759921368364962,0.08608389145958585,0.10538756380803575,0.09132568157406631,0.09689805048154833,0.10030462311567487,0.08732700379057905,0.10708764350006436,0.08328419951471804,0.10764385960391179,0.0845077513044355,0.10328154632189165,0.09157942164911012,
1090549	0.4997895816415966,0.04054668788612446,-0.02295309561096762,0.0241110759924324,0.04291633259171751,0.05265185076845634,0.09401128850190361,0.035223147448509476,0.048736022716954375,0.15084942866481085,0.05927321063335083,0.08260905262128534,0.11010738246534556,0.09209726317836703,0.08762067693750891,0.08202069661301668,0.11352370603375739,0.07638790105276108,0.08749361982236893,0.11342295508081222,0.06880778427455034,0.1103952641211449,0.08013486856920074,0.09376883462554501,0.11253892871245597,0.046772172961483345,0.14566791215420413,0.04828681701211594,0.10831414027710591,0.10062105618390497,0.06366656477284992,0.12183520353643851,0.060549442849574836,0.11235091552777439,0.07260517347456098,0.10144624014302496,0.08204516051517834,0.0951638127964755,0.085001692826355,0.09561833133913672,0.08296291996884911,0.09692263800184937,0.0849698329221449,0.09196893268621853,0.09390070292302759,0.08281182847380622,0.10200208336317768,0.07447139824719619,0.10707494854166098,0.07098607687924631,
1092733	0.575730755904446,-0.119431118010231,-0.2842459653573269,0.13593663691158026,-0.46695069524456373,0.014915632586357398,0.5591085851187548,0.2389550838536225,-0.17634564762690996,0.008917789554330287,0.32242075572359014,-0.16681978214793394,0.2752186473927615,0.041512932112139335,0.04836199681162227,0.22618155587570332,-0.005387983431203347,0.17144679591825857,0.11047007266084283,0.06777929951036016,0.12424978824421033,0.10420108308958435,0.10134776782485062,0.082958946290931,0.13267945311440452,0.05588056101476425,0.12939030185641204,0.06888917836077069,0.1161815204245501,0.08055234780292919,0.10853203481012053,0.08907975574362423,0.10597455779659719,0.08609978419827136,0.10906548824356761,0.0830162185798427,0.10821629413830085,0.0873421424001383,0.10148826373704813,0.08761352124386157,0.10655727999865572,0.07303485675212167,0.12674061211762616,0.053949916805165705,0.13891047276609436,0.05394882830147781,0.12843128366743242,0.07216395217354676,0.10354592818162736,0.10130571092797812,
1094492	0.5538620648272048,0.1601929658497946,0.03117244558319758,0.05863146749024519,0.1889354864458627,0.12218204730379839,0.1292262215496569,-0.024197611765324086,-0.009036655272440318,0.26647622193076015,0.02223820999109815,0.11100555029639182,0.14973293093301818,0.03422861128978134,0.1707853292409118,0.062453230488250994,0.08085122021059395,0.15837855913930418,0.030500678860538217,0.13161880371041174,0.0981633764482954,0.0732163152324177,0.1275908786563947,0.0818304295193241,0.08759500878420771,0.14493881523414562,0.03206412743145488,0.16678475212653884,0.059368495412093866,0.11203790194949562,0.1067633351937757,0.07684685537671064,0.11996114372624707,0.07427027361512781,0.11462646953097591,0.08129987782699424,0.106210557240595,0.0893788608846821,0.09990356476285431,0.09280882141578045,0.09723158199668643,0.09450311977057727,0.09365419099952547,0.10047499884720425,0.08624099952522908,0.10655299065939647,0.08258187679878472,0.10794578575759617,0.08171489227218996,0.10784480106028047,
1103685	0.5663614043707986,0.14211844227174522,-0.0035290253686831065,0.31847010728644826,0.21678488201099236,-0.08455780365760157,0.19813151443989485,0.12499067631554844,-0.12346996650447106,0.07690334327886168,0.17451247798266795,-0.006989332673307017,0.06463179108838697,0.11285978361617376,0.01443550127470805,0.15572834154564305,-0.006264962670660608,0.1923346804165041,0.0093839140814778,0.11793495100945249,0.0994333636251307,0.10722873571494289,0.044056064154266036,0.17918171828947171,-0.007421929583754685,0.15935941276162216,0.08292613350706897,0.06393020673571004,0.12606473680488833,0.06353315593098598,0.10482343971192094,0.08388265013163425,0.09617991315246813,0.08265447771157283,0.10435834965174463,0.07428522592363028,0.11264319527092868,0.07213762002141931,0.1126919157287737,0.07056199898705744,0.12056618933919215,0.054132877567516356,0.1451710004276925,0.03468225524185479,0.16041008536712514,0.03422368325038666,0.15699554758579015,0.03886598031541691,0.14580776608131288,0.05475444471615708,
1104082	0.3229928970330727,0.17421381174649345,0.13474954666907837,0.14238445525420498,0.050301444702816125,0.07189903814706027,0.16876650434549142,0.08582510066784156,0.10700446415768701,0.06531118837263075,0.09374414351127472,0.07730252518210651,0.10409538245612195,0.079037914967231,0.09255948057087338,0.08689540100666551,0.08625606400694241,0.08928193366815601,0.08336544876142765,0.0893296957017742,0.08879837112886138,0.0771344276238612,0.10304359637163713,0.06590677582864275,0.10955947765773388,0.0704776855063245,0.08997837036138442,0.09495640826262333,0.07222180438869415,0.10480745158917606,0.07331147479430872,0.0997346918994124,0.08070572533097196,0.09381716705112027,0.08504655059633284,0.09024117815219744,0.08873563474510093,0.0866556018819154,0.09227312966841172,0.08399224484102746,0.09506797881863543,0.08189532350132891,0.09679934002940678,0.08329203444793758,0.09424469172267148,0.08681041537100533,0.0913805509589748,0.08866247615155701,0.08993418053644162,0.09021691843776292,
1105011	0.4400495526751385,0.10232767498636594,0.0822644898597386,0.10000046573316097,0.03000359906601713,0.15602536517173485,0.11910826365650963,0.05094646940309983,0.11501972306508672,0.13245426326687273,0.03975510475387767,0.11250933808957743,0.08734678229123992,0.07153487275477154,0.08738911466333803,0.09514836732009967,0.07202096929294079,0.08617279328123469,0.09629919719320192,0.0730745452478493,0.0890223854864285,0.09214395705571611,0.07946560256737495,0.07901859844075913,0.10055439741909837,0.0631195375588575,0.1004610950284896,0.07495906722334021,0.09274064649229699,0.0789859396457452,0.09272725644905755,0.07834231342739036,0.09289758147358197,0.07902736999021248,0.09281874503761588,0.0801438609719562,0.09202898182243865,0.08206357568413271,0.0912002059051254,0.08146189619037658,0.09400737781255825,0.07711278478626366,0.0986999906354472,0.07522290630719915,0.09743575559843966,0.0808765252731865,0.09090539284767178,0.0868208624335206,0.08691372765545904,0.08852807179464454,
1109036	0.5303662047539481,-0.19622429322490562,-0.06108858160909906,0.14802780500928048,0.15567567204122776,0.14295980296420327,0.05248812352333366,-0.07333002932164424,0.17974771060533282,0.3482140229054249,-0.09654050802690117,0.2059390985859861,0.1196954724591026,0.03467660114195053,0.1719002027493716,0.0699568141288007,0.08625518340882282,0.16129078354727527,0.036677497434357706,0.11467013928589478,0.12255704778225042,0.06443906873654855,0.11924628700492211,0.061376524339689494,0.1538825613359796,0.025375793731762138,0.13587730727835368,0.09378209842029389,0.04552409165048636,0.17372090538310495,0.014281146670673452,0.17428641405446363,0.03525602772471673,0.15013288759864246,0.04894725039185941,0.13923513140331156,0.05708015619770564,0.12475269435902928,0.07468706684395472,0.10536124877797443,0.0932715899722642,0.09052496153824839,0.10288284914178188,0.09184872630060117,0.09376000834482491,0.1046009444898072,0.07950251271026562,0.1141280660408964,0.07270502132341007,0.11259250095412705,
1109871	0.5552941604530331,0.3052384272939957,0.13294983473544952,0.18671608988164434,0.09783970289058978,0.09951100848194083,0.12442728210848368,0.20710047646064142,0.17689638969636667,0.05433998276586086,0.1856956549524745,0.08891897874047042,0.15387914240336914,0.13112739670749424,0.11101750411589541,0.14591883533138542,0.12336064567863565,0.1027679324715805,0.15208136541567627,0.08125666326609146,0.12827530065153472,0.11627201427651576,0.07912217245643657,0.15644440808547394,0.0470118533564384,0.15953641714139316,0.0836999277734295,0.11249216121799141,0.11368957810010609,0.09645514535940669,0.11475076153240199,0.09788727446031233,0.10924555071159885,0.09821093939236586,0.10740282737602519,0.09671950300953082,0.1051776982849205,0.0989390595197965,0.100405138063641,0.10148424697672243,0.09748707175691398,0.10068732659090342,0.09836111160425853,0.09610953297115321,0.10214910456576941,0.09063373346775239,0.10523247232196292,0.08660400671372306,0.1073105508285175,0.08484088441811201,
1111541	0.5538195313099337,-0.1127064401617822,-0.02265695110454798,0.19433442033628529,-0.01159241899097124,0.281713883845008,0.11358145728199916,0.13378629671534314,-0.09656240597374631,0.024906108215685806,0.22145054961558977,-0.0136801560741781,0.11702902227720198,0.09979148836388581,0.05169564027748356,0.08862577101416397,0.15875150707385108,-0.05412411068774739,0.23171523451772927,0.055431396692595544,-0.022715177993835368,0.1919588727772482,0.03256734578290222,0.06624827515087829,0.13799567619023678,0.045675414747747126,0.09780138334827135,0.10445640712550966,0.07645091057069671,0.0785388110328754,0.10671409931520076,0.06520504513303901,0.08639477572626166,0.11065301087284517,0.03727079352385437,0.15346931878856554,0.02190068035266611,0.1324463403852823,0.07451576548550799,0.06785798897642649,0.13700738589199624,0.014717478879609055,0.17154885226031225,0.005486873314355375,0.15226256414397338,0.04374386396863016,0.11534646774152123,0.07052740522441096,0.10212126257407277,0.07596640870430273,
1113499	0.5590771532422643,0.8171080534047521,0.06434733296197573,0.08392267781095632,0.2550019962818732,0.07358789120043939,-0.032182994626816,0.3480359231057428,0.1027074094803068,0.13443964908785563,0.07956202246761146,0.20337099649135404,0.12263925053836514,0.11986454984634509,0.14912087465687549,0.1405995594329563,0.11465780614061931,0.10728900294987462,0.1726012196611516,0.07581602362665903,0.14090017216736203,0.12398024453346367,0.1235541999245492,0.0813733150082354,0.17604989913591085,0.06544136330392777,0.10728184662150092,0.17675694314936066,0.005649179802813022,0.23978187918564045,0.016643234790123217,0.20108462140501093,0.06701431646238461,0.15215322863188824,0.09640410470931683,0.12418714664666504,0.11010384335573813,0.1109929284231618,0.11243450854767664,0.10419961405392707,0.11500869335576629,0.09359170109631791,0.12241711633171032,0.08596427807716928,0.1202265027457526,0.09112063180808781,0.1065692621067939,0.10502433692820845,0.08802802161273776,0.11986488453577351,
1117856	0.3683101217349014,0.27965128887144586,0.02615666648377727,0.15040656719784323,0.1684781594795276,0.0899408675415875,0.11762176950226003,0.06564666703035439,0.07025302146123007,0.1556939722153871,0.06501821637471096,0.09534705573080558,0.1330056789040702,0.06570693494775104,0.10961921787668039,0.10280702343420507,0.07770051011519839,0.1276418664322665,0.06777305113352636,0.11558499731831584,0.1078353407813586,0.08688077942528637,0.1028146042039787,0.12823045008344802,0.04509674894832016,0.1605829885014354,0.06768517129887028,0.10747948060709642,0.10741864566063226,0.08833099772824536,0.10677960111916689,0.09912849952029755,0.09599958936421302,0.10602356700999041,0.09364738349074642,0.10417228540583821,0.09864070175343458,0.09773059513692413,0.1028164515038085,0.0964153836922543,0.09931269009973875,0.10189605360592344,0.0930019946751246,0.1051177776664546,0.09432290426692036,0.09989054477883527,0.10171278232532158,0.09221399073033767,0.10836749227733519,0.08835862076066692,
1119399	0.44168102955028987,0.1296756496603844,0.050554309046720904,-0.10251859385448053,0.23244383638295193,0.016091480334897594,0.07334230204162168,0.014641279328252115,0.05751742566782352,0.20102563502054044,-0.02496108482151497,0.16093862347201926,0.10023017265747107,0.03135448898084529,0.13991423123964103,0.048051245651134264,0.07777749374332023,0.11197543777811134,0.03884397860888602,0.12390577425517252,0.05662562645701771,0.09194014913373742,0.09928188117103637,0.05568577531748302,0.1340239447936258,0.04809634209982619,0.11470285237021245,0.0847263292763145,0.08589509845883371,0.09338299511159509,0.08510220868883396,0.08915776571702529,0.0906315127805942,0.0823682516244479,0.09584632144397115,0.07886539906352259,0.09713629870296668,0.08185119087361056,0.09363039330642725,0.08573562544136895,0.09363659790667954,0.08150658671787549,0.10204223318638388,0.07193521860180013,0.10900206599465602,0.0707360553785884,0.10353158988728262,0.08212719884398718,0.08551052980854308,0.10397214137999673,
1120946	0.33556986115951154,0.01131147162108557,0.263121464381465,0.1394373237344142,0.08912845218920638,0.14565434268694671,0.013480746861105149,0.11115843223688363,0.07186861214279316,0.04374499486470768,0.10532633595825397,0.10227421454946722,0.05916588099587576,0.09597952569447908,0.08285106767630672,0.09153953287014527,0.06222302776162011,0.11169133807888589,0.07418624330398131,0.06143660893298839,0.12932041341560022,0.06337234640885424,0.09776832296157668,0.08611769356265371,0.08959074012939021,0.07678332671901825,0.10636432426720176,0.07001647332578938,0.10390512920238079,0.08001096568321014,0.0899122048210819,0.09255241693907429,0.08160135752816353,0.09604202878453563,0.08154342187526675,0.09320121300211338,0.0860969067358572,0.08868466135482281,0.08876124182246684,0.09002003051182676,0.08482839925793578,0.0965859880707694,0.07794808528079135,0.10237127462584841,0.07578919429976531,0.1011563323547023,0.07776235577529451,0.09912158112022455,0.07684565847371787,0.10040669166337245,
1121081	0.5334831682457931,-0.06357431612112055,0.2489728514242508,0.00924764976730352,0.004725251644812053,0.06346899679123465,0.20927331891001535,0.028244681233149556,0.1611364889767198,0.015444267653770423,0.11401021269752858,0.07740632673870954,0.13923451773177786,0.025473169722952643,0.1296795346809707,0.08518466350648508,0.062450855304099225,0.14088312334820527,0.041199314995570606,0.10652551659743453,0.09816050847816418,0.07562774856907976,0.08500998542852316,0.13968883529274662,4.2333883607776577E-4,0.2070745567429524,0.03899873972280022,0.1295078254725969,0.09893684677698857,0.09695602102135975,0.09449365303874864,0.11071821648175341,0.07800851441157654,0.1143227873483053,0.08313411600957339,0.09622735797733496,0.10729664125803248,0.07024199639034487,0.1285508650487709,0.05842850058048865,0.13549522485388285,0.05921222429632047,0.12899390597772575,0.0756203565585409,0.10775623596962162,0.09305367267571389,0.09473235607468365,0.09819566863266103,0.0931180097943731,0.09632760304235313,
1121373	0.3046977850594367,0.1217306222657166,0.04744758856441059,0.0574006520621702,0.10661645833146118,0.13120184748285318,0.08234815884609548,0.08758626739037141,0.07338715299548151,0.08294906576936292,0.08878255551431496,0.08788701699429849,0.08264414924712649,0.08109134925526054,0.09224906880687998,0.0784709802314252,0.08461833825574674,0.08183886149341076,0.0919145608138989,0.07302256988492235,0.09261277464229042,0.08528378790314971,0.07332262324947181,0.09946905851997828,0.06643223699662532,0.0973199490464273,0.08108915765863048,0.08381644099177034,0.08536298318172361,0.08547551663259895,0.08135488206281738,0.0886977122024302,0.08013543747608928,0.08868629184215022,0.08117523273076836,0.08726882083348791,0.08315881136085637,0.08502403955281702,0.08539933972080484,0.08335780133993526,0.08678526569179708,0.0827544878411806,0.08723558040537371,0.08330887360165495,0.08636886976297016,0.08442739456513382,0.085512383666784,0.08491545371402122,0.08592123725657093,0.08418249759184432,
1121554	0.26034171668186,0.0337118268846111,0.09025775259332047,0.11133101820594134,0.10139956098837442,0.09326462870192412,0.09918179677744696,0.09297542543625498,0.08576270346398478,0.08497002506825166,0.09709928729956718,0.07909447538944157,0.09036636545879945,0.08013040177815862,0.09493788862574434,0.07770945988661224,0.09308298629861794,0.07757579414039667,0.09389995278189323,0.0807127761223546,0.08305399707436105,0.09060503551595103,0.08093725597610912,0.08748778844234287,0.08731948133605894,0.08314901726714417,0.08800871617987596,0.08532069086586055,0.08595270079740665,0.08773079043127173,0.08458939677260567,0.08859806535978863,0.08466173975792246,0.08852161446475096,0.08554856803180223,0.0875451285147742,0.0870473891985044,0.08617903660676696,0.08837054988078609,0.08571795361285467,0.0886766732742717,0.08611658459466404,0.08816291024174085,0.0870138229541081,0.08765577948861292,0.08719589605394926,0.08836994073025953,0.0860397369356068,0.09038233216770461,0.0841688198244238,
1133547	0.3389209938109477,0.1296237498223424,0.005997611877874458,0.056084471319131884,0.169428687239811,0.03464237483049003,0.16570112427209174,0.0995182244143919,0.02807114406722772,0.11100871653129953,0.07939898975469245,0.09528915398560853,0.08835043473933037,0.0939641226887665,0.06720793027252414,0.11595021779272147,0.06965719503133709,0.0838630898149164,0.10580302112420634,0.06692706320547841,0.10507896003194088,0.08088105445423592,0.08703986214105496,0.09430563202934382,0.0754276783021803,0.10167929361230786,0.071803383537538,0.09884831508420838,0.07450431384075631,0.09646831692434957,0.07903024705579917,0.09188161152566691,0.08593181926138016,0.08473591278534533,0.09379151671609891,0.07657845764313319,0.10096885070537501,0.07304666445077088,0.1005750152608894,0.07668813883412835,0.09608631142211395,0.08164914292927462,0.090419761253888,0.08800685523653108,0.08405229751411931,0.09251666611079531,0.0819048465366276,0.09264903651444922,0.08388950855278828,0.08944163865002187,
1139022	0.44166934777592043,0.05508532871579869,0.14496256226869098,0.09899321477058974,0.07453111846864127,0.1321249468351427,0.0643086294751769,0.10112480325025916,0.09482213062311748,0.08157611030444906,0.09055263542463532,0.09130673245852929,0.08248649638864324,0.09646805660647584,0.07916833901391389,0.08498392262373786,0.09272459338956683,0.07283368056490609,0.089881029779075,0.08282049933801225,0.08097530037134042,0.08312313646677895,0.08648848545846512,0.0768779050241797,0.09375853715918744,0.07183712649796378,0.09357947889100995,0.07784418246382854,0.083946639877875,0.08819596385769786,0.07841532775118445,0.09200694122761963,0.07953604368432854,0.09024115281306502,0.08218271634734989,0.08773248510390728,0.08495025717943203,0.08549219433992722,0.08700055592746145,0.08478440616183891,0.0876301839879909,0.08537198417949624,0.08735620697833714,0.08699965962420027,0.08603484537884329,0.08897104486437403,0.08405672887826246,0.09136728976302667,0.08154526296022278,0.09424740776321258,
1141046	0.37389367033753024,0.1758411991437746,0.12121354157152624,0.1071034112859237,0.11749960328718537,0.1107133922376117,0.07181690470127122,0.08403596051174982,0.0980606569643587,0.09729833403665683,0.07247865319969762,0.08461535442035108,0.1021860084961224,0.053389237788143695,0.09302335246217071,0.07680172292364995,0.07159017368153214,0.08179516282785677,0.07814812907004041,0.07782205640719209,0.06494180622595809,0.09921716028381551,0.06260535269577153,0.08459982470873169,0.08290461691863588,0.06891110667886564,0.08789490134873283,0.0761897067211927,0.08434631617159896,0.0742107142331951,0.08772542059263239,0.07091570499290185,0.08708125837378358,0.07635681051110223,0.08130051801742988,0.08337697570772795,0.07576736688069827,0.0864229573305095,0.07632655677189745,0.08426019926326152,0.08018739853717241,0.08168859354295765,0.08223252988949062,0.08150784656829169,0.08181713051642849,0.08345487831106194,0.08136037378071893,0.08443053839722535,0.08189570451370765,0.08412152683990018,
1146535	0.5118675933141574,-0.09635679896594525,-0.029252151715513076,0.04975991985977526,0.14297638287814712,0.1063472812074405,0.15887178098591212,-0.009644027994350405,0.12177239446345256,0.13008985976854723,0.006023191356710543,0.13940555587491546,0.08230324568923089,0.0575407920926898,0.1337267848042599,0.04681985868107442,0.11854566410491434,0.07124959855362464,0.07455248289572246,0.1306904737269992,0.03958533666472363,0.126736318640848,0.07209103430128437,0.09516231441864419,0.09161901412122637,0.08973777315314214,0.07867949762131221,0.11246624241865819,0.07091870475809066,0.11071206750406547,0.08756054152251759,0.08832614970323427,0.10706888777360772,0.07593793379648849,0.11373464698672572,0.07727130147063924,0.1043436489582734,0.09571180024861106,0.08152840610059976,0.11723265079753141,0.06279472445410668,0.12953882699667196,0.05874965158703095,0.1203966035726124,0.08054320450382059,0.09495862948721952,0.10155780499043796,0.08073308143291559,0.10680361883196594,0.08116728197103612,
1149474	0.5594840600565671,-0.38670442557392287,0.06621204418418478,-0.03204320238688339,0.12331231140291044,0.03766217695739312,-0.06966154474329089,0.11299280042351009,-0.15282849322574263,0.3665850601664091,-0.3053401196958627,0.2731762012067511,-0.01962443320858644,0.17328529738966028,-0.03288672067932247,0.16641812788250473,0.05177746769707893,0.13740407151385783,0.04461760592622479,0.06188534941725575,0.20713370276253654,-0.011156535814283802,0.156392704769575,0.14766480872565024,-0.05878817185401943,0.2966596579274124,-0.04600958595099519,0.20707351217228598,0.008164182221742299,0.19980754535639586,-0.008654262705042102,0.21375342793018695,-0.022779999721876658,0.20485671664780916,-0.0030001239863040557,0.14790462268487212,0.08429988460866376,0.04352811511654743,0.18848388196487617,-0.03426617477713514,0.24830419501471251,-0.06283130837284372,0.23508728112278646,0.0019345635830373307,0.12370262270701565,0.120401231061493,0.012740234953456142,0.21833248196401142,-0.06086522810861285,0.25630626529960093,
1152639	0.5495911839379909,0.08832299950456296,-0.06985418515908216,-0.2462594320605541,0.24147483356884866,0.09816472091419691,0.04254229607196464,0.21857841211611886,-0.1439027463836606,0.2711284408551986,-0.020869412179683328,0.13255127890713667,0.1347007988991034,0.11205725606604366,-0.020729084205210135,0.21479378371586133,-0.0020781128141731313,0.10200344318398898,0.02901104936624677,0.1648826565357613,-0.03999859451093826,0.15385507420596597,0.025450753020804625,0.12060001140836969,0.034417506025668,0.12495344663521656,0.04538701201154639,0.10888894097719304,0.06298042851704173,0.09880694612205035,0.08583241342926098,0.08081601104134245,0.10241128848290022,0.07049736781738593,0.11150469334097782,0.06475403557263622,0.11793675595828276,0.0647924318719312,0.11561319035943068,0.06963973618444422,0.1084946726130163,0.07962448654028786,0.09435519787568811,0.10056806416643148,0.07427129862103397,0.11612684382845007,0.06565420696609907,0.11508195684381513,0.0726440262096862,0.10260027350447974,
1152918	0.4502867014841772,0.1016828201968627,0.21727963591910007,-0.07935696914196311,0.1578062272483159,0.07813241391410736,0.1310228151811404,0.032018137263799644,0.10567577279099186,0.17984335849669925,-0.022569107620471596,0.19481397080632704,0.047465545404136965,0.07670310488594251,0.11607276563144274,0.04567517805240426,0.09978156794231981,0.09701700162496782,0.03258772179569905,0.1539396845042907,0.040342284789258304,0.10949179125393245,0.07914515578524241,0.09132407436395815,0.08806876324730553,0.08103216749802353,0.094585230353527,0.08488061889124879,0.08590095490958326,0.09479624733314594,0.07649967167820773,0.09856351594523532,0.07740388208541403,0.09389803879698702,0.0801303527277468,0.09286289633446503,0.07677496695800358,0.09970938810326596,0.06731222164317147,0.11280589817588949,0.05260342195606199,0.1288341506150868,0.039804508036030285,0.13077905900022113,0.04960583157148523,0.11493980604864378,0.06387417900129072,0.10977397216746436,0.0623243864756463,0.11588947240482936,
1157173	0.5443083068921152,0.012518234383442656,0.05959838979868875,0.044428275069268795,-0.005449603520068819,0.09660907110870783,0.11981344451002611,0.17207758505606646,0.12910496711989755,0.09059049224126949,0.14758661634399028,0.05796051654406481,0.14046776560933666,0.12647757637643342,0.04489167537651545,0.19502178709030898,0.04681637298934329,0.08974763571160321,0.1660408050760087,0.04521110187119825,0.15051032608650589,0.08402413101011987,0.15823309287943502,-0.01779962107462768,0.2625992466577944,-0.051513407245484075,0.19179694787586793,0.05001933778912019,0.13862451411733248,0.053932625837132674,0.13578401103914622,0.04980922909544781,0.12629077334271235,0.05795656807410464,0.11519420435045277,0.07183379003913777,0.09808497028726666,0.09197454835467296,0.08148860530969777,0.10437680248462948,0.07449702947185913,0.10590468300149512,0.07683033165898266,0.09706951316268334,0.08935478605759556,0.08706260865519515,0.09933252872126787,0.08563286383084455,0.09870315022064677,0.09172777445984799,
1160760	0.529228373657024,0.014934200096452025,-0.5241204223529131,0.47630837043487045,0.28730365231550004,0.1812495244711253,-0.07953965584709982,0.22514903272502942,0.015428374915416558,0.1491856549363004,0.19110767949656876,-0.04330480253628165,0.1646110794692885,0.13227243830460556,0.05355364246351104,0.10840689447183724,0.14346269659154617,0.04914213031559925,0.12372775499468151,0.1191166834929168,0.0587352896506559,0.11993392038934593,0.09136726746181255,0.1033251847505851,0.0789499345384924,0.10818765385359227,0.09615389488282135,0.0804716593304972,0.11955499939819475,0.0680928113054702,0.11036031661229044,0.08741508722008795,0.09046011276498062,0.10360067478214895,0.07911683353997019,0.11021868242025122,0.0793695308036131,0.10308664183122855,0.08986512500649693,0.09175333535882028,0.0985197303368631,0.08320895604307502,0.10667414293518591,0.07703840511447492,0.1121878256219688,0.07825440351278752,0.11069130004273854,0.08246994622818443,0.10448555822064212,0.09019165998050141,
1167927	0.5669085776283255,-0.3567297664912148,-0.01727013793685099,-0.09213870423619085,0.055162411032401534,0.11290532388444464,-0.01818977149105607,-0.31781276593363805,0.18283163316647225,0.28855044857419043,-0.11980865112264064,0.35025248813774856,-0.12104662937278353,0.108762271889446,0.26423313419772654,-0.17502145796539195,0.32671560403839905,-0.10413285307623084,0.20019099913224878,0.016361867304011988,0.11557852642418132,0.05561936875859579,0.15914655889661486,-0.008437150814054504,0.2089524318200307,0.02565449898308291,0.09515213688632679,0.12452909036979615,0.059344972196085775,0.09184007850020014,0.12263361728288834,0.04117946268863675,0.16101990552625384,0.02107289776975357,0.17325018437575765,0.020266494369576744,0.1640459312618761,0.046661160113324225,0.13431460147838067,0.07163303455356312,0.11598314709324681,0.08287709487457458,0.10226762038986902,0.10096565874149006,0.08235205190915668,0.12010553774024926,0.06528338292145995,0.1302373293682951,0.05741657114556939,0.1255511021962384,
1175691	0.3000840887805963,0.13369705319818348,0.09415388333067712,0.07891299765251078,0.09619044660114187,0.09443103598650558,0.09784031407039696,0.09886923592238685,0.08162893519200289,0.09966376049334773,0.09175551764376964,0.09409835291271787,0.09531998549337435,0.09604018026425566,0.08864319360779609,0.09995052024826684,0.09232698346047424,0.08971389650942796,0.10040301532717806,0.08925853244910734,0.0963445044673633,0.09556348374517062,0.09202050445930167,0.09748227954657442,0.09167918255629928,0.0958968134185481,0.09574747976855669,0.09095226806751418,0.0986966414148796,0.08994462056828385,0.09774925500425212,0.09245976746231943,0.09567563684687333,0.09400775105331528,0.09451815479052011,0.09451653980822516,0.0941202386763084,0.09438335406343701,0.09465108504481505,0.09380012029101739,0.09523007859292408,0.09318794913229862,0.09536193893178557,0.09340301800780922,0.09463589859079705,0.09462237354778695,0.09329758732230212,0.09584087243304175,0.09213049913269403,0.09642184482401672,
1178235	0.1429134638268053,0.09302712106451896,0.09029730106617198,0.09601806439264034,0.09208736029202227,0.1007022939475086,0.09979242904221691,0.09398250399923998,0.09998831903950033,0.08918715375396123,0.09633231192888839,0.09337740614470669,0.0927608889082682,0.0951636171212528,0.09282858599592925,0.09538488275055859,0.0927622327064342,0.0950978270674809,0.09310559179800303,0.09376421886813838,0.09415321175513278,0.09345979991784359,0.09407446043238125,0.09396989822818752,0.09371323973844405,0.0940920559775199,0.09382438604828082,0.09368159206578999,0.09419042177576639,0.09345529893600572,0.09415423514684215,0.09364365410231612,0.09405504880186569,0.09367561392855203,0.09410704732059948,0.09354036123843747,0.09413012971965898,0.09363592945070318,0.09385486479609931,0.09406823369692506,0.09337401292351967,0.09460109119863781,0.09289003638232067,0.09490817437099415,0.09290693537413726,0.0946666945696045,0.09321246947970509,0.09437272260177296,0.09339148326754787,0.09414291883613776,
1181392	0.5240107062646602,0.023752118192373897,0.14179000034377956,0.14326851925256234,0.2334919647482521,0.1559944559874934,-0.05488332498286554,0.10422843250616769,0.07505029687135854,0.16109914458348215,0.13818747966158096,0.062061477226992255,0.14556164335776176,0.09215953648080527,0.10665866593251189,0.12538540716120736,0.07995265333725318,0.14562675229636565,0.06100494522313231,0.1290885067020649,0.10676173539024089,0.09074682845581086,0.12190304415498349,0.0840503100428718,0.1231479314937059,0.08184613451662832,0.12059142801756147,0.0765865241789114,0.1263549379107216,0.08189624710201832,0.11387921205240878,0.09917448720818635,0.09236406740054277,0.11056902203626812,0.0790664065588039,0.11640199656531054,0.07601131846920609,0.11359848015719375,0.08134085453347085,0.10736403895964054,0.08393506982244485,0.1034352629104871,0.08691394243999623,0.09579507625351204,0.09752203339060701,0.0856195209632628,0.10788720533441565,0.07947184729286921,0.11286459612563902,0.08032665827829531,
1182670	0.2965601084715687,0.11275074341968988,0.0995052143015853,0.06258347275613832,0.11094496271991766,0.09879912944099974,0.07521826241087322,0.08431729944890229,0.0893674308019672,0.09722267741552612,0.07492015509847486,0.09753996778466603,0.08427945271123592,0.08473640054951911,0.09190113433407257,0.0774378878738262,0.09614613556361652,0.08189216226966181,0.0892335721192893,0.08533825006813196,0.08838147983768309,0.08493200803012724,0.08642684073128451,0.08776542553761074,0.08553261855031104,0.08617295520425455,0.08844039526164929,0.08439966466736408,0.0897287399139286,0.0850886759305174,0.08871200400288853,0.08640428139019744,0.08812311301222224,0.08673097331344966,0.08801995719681226,0.08742935146199914,0.0869327727565808,0.08965320802930005,0.0850865445989949,0.09183336213575544,0.08334833511334974,0.09314672748315328,0.08273347924691461,0.09185513338505856,0.08583081923265751,0.08825094777313984,0.08971932363202409,0.08628702052885681,0.09060305392232139,0.08719246299833532,
1182765	0.35053276743557205,0.1292463613219535,0.08305954122688679,0.0586696102180121,0.05695985995121963,0.11574559581862322,0.08387853439493975,0.08055897792918805,0.0780327905325094,0.05652766858603345,0.09599441548192518,0.05816555985874644,0.09133375803463914,0.06786927603552884,0.08139629444146118,0.07273351165154923,0.08322361054632896,0.07383172649362615,0.07686925249205323,0.08734447426153917,0.06267072959781372,0.08821502081010694,0.07489448382456561,0.07820825095517496,0.07729263447992347,0.08003343962510227,0.07590667604768618,0.0763892701447796,0.08158517530490553,0.07129623149585976,0.08415962292870671,0.07314747207391528,0.08126560502857279,0.07545819266478698,0.08036474542878184,0.07548743405083369,0.08125142636787896,0.07523083340191321,0.08146441140001798,0.07597215197791465,0.08096338517260923,0.07682228759773917,0.08078139826201107,0.07755432433305816,0.080955451647216,0.07817665212813185,0.08090260371675388,0.07920020019357822,0.07985040475169376,0.08139662672372813,
1185939	0.43566773872888864,0.1788299081353813,0.092659402972356,0.08468578011949975,0.11783792124096733,0.07133451459628028,0.09610827356381188,0.060704417953472124,0.14851331816978158,0.057976081770570016,0.10447814395254514,0.09007752580888509,0.0830575904861032,0.10554333379323881,0.07930553289584279,0.10026531164193375,0.0904091492264568,0.09378797400965604,0.08801080563680186,0.10648767623543545,0.0739593844064923,0.11311325340515145,0.07798240317399778,0.10892711788316946,0.08710709134812841,0.09478120420853474,0.1056749712618912,0.08253442109465105,0.11090447337754405,0.08698806650146326,0.10236449682757688,0.09445360347398538,0.09537189493500156,0.09799486358514593,0.09356668197555293,0.09832831233422314,0.0943965115386393,0.09651445762052947,0.09638710711524087,0.09460526801809913,0.09762159332882492,0.09387748499465058,0.09768667161221911,0.09462485967158624,0.09671906084323731,0.09608138856475908,0.09527399814277443,0.09713868373182932,0.0942294366726348,0.09721721612457629,
1192226	0.3572535328136712,0.017610406604000758,0.1315494301188733,0.10784736997828541,0.03562183408094215,0.07388326630664552,0.05039536160757721,0.10014821714517547,0.09874673337136596,0.014058054069032625,0.09746245098314472,0.09020646292510114,0.04265063735083717,0.1159193275093305,0.06029404999842695,0.07481811393886789,0.08101432344524283,0.08933221021909674,0.055216998847998904,0.09735748092273488,0.08683959265286936,0.060959925047466335,0.10019748630803081,0.07618303470696741,0.0747383441549141,0.09187979971935249,0.07386406354538,0.08059452302159567,0.0880363291031435,0.07830821338327876,0.08519898260252273,0.08212140050180426,0.08483022172250956,0.07843170616426516,0.09308273356755332,0.06876717775876409,0.1006950531503655,0.06669752598729801,0.09578447414677553,0.07758397795937252,0.08440456142684842,0.08972134551068965,0.07485966644398276,0.09643431951632882,0.07328818934612848,0.09335770479676318,0.07940684726411315,0.08639837625830721,0.08655615285106479,0.08131578220461111,
1199547	0.5250655444639287,0.6244654294099173,0.3916900764863009,0.24638019353206475,0.001414059321434296,0.08544452601021599,0.09742668011051854,0.09455871030918404,0.09690129879032411,-0.0028845906707814237,0.3223200804909398,-0.041048639292163173,0.11747269711824547,0.17373679899198485,0.03695925031591301,0.11729583212935364,0.11713662140639816,0.07693052036002856,0.07799261711652725,0.1680338817392469,0.008338156611433235,0.17494760816602778,0.026601448010852388,0.16009985558979956,0.04723549165545049,0.1004272524255518,0.12826008292678986,0.03703554183953234,0.15906173038696972,0.04772100421881597,0.1295902106165523,0.0720218769771336,0.10827832546915309,0.07696038837685891,0.10836130343707134,0.07235774200720917,0.1103368559526355,0.07500656802570767,0.10403510817663818,0.08214337219599578,0.09531212239379967,0.09139695841212732,0.08415317501945724,0.10186287754005213,0.07940969564668698,0.10051076829009083,0.09017555200065816,0.081939965609993,0.12133833288012882,0.04555671836269072,
1199719	0.4905587512680921,0.11939857680106207,0.07494781347846781,0.04477949791242763,0.08440949879217945,0.12163093493633756,0.08293126551627872,0.15457473086128096,0.07877971447685966,0.10102953943419628,0.04436394271786858,0.1842125118766797,0.057948890698818034,0.11337141097361564,0.098178029587644,0.08196273752191285,0.09990897499135201,0.08109751866017503,0.09869632935776533,0.08014237851704865,0.07787496632527224,0.09451595618676206,0.08297119150978786,0.0722261852451316,0.112936838763622,0.049237417246535235,0.1124738311210589,0.06014320931653575,0.1021521204217457,0.06412642854737571,0.10015899482676004,0.07470494363375169,0.0871314280304967,0.09191316050092375,0.07128176103318377,0.10226669771183912,0.06772241105132717,0.09651181604508642,0.08119727981856904,0.08374353590302706,0.0913166878933449,0.08098256561194252,0.08611378247915508,0.092409381147945,0.07300701169413974,0.10121089383028191,0.07397433559256979,0.0919273171681227,0.0915998145704828,0.06887164714094246,
1204343	0.4730195806976367,0.00883716262696338,0.1723974427838512,0.05833269266771311,0.10582572411207003,0.07750135401758902,0.01675607338229114,0.07448746562265104,0.09782627714703371,0.10411074082862168,0.045389112249069656,0.09935553157595617,0.08957266182926885,0.07877447365277805,0.09062434327240211,0.08301451141057642,0.07794616946915443,0.09907252934704702,0.07064887250520485,0.09380406969505288,0.08949579102105026,0.0850466379473574,0.0829938355600297,0.10289346363957402,0.0662212334671636,0.11461051207995926,0.06844476035490558,0.10637765926755788,0.07971449080793308,0.09298041956846313,0.0916347224176364,0.0848962640455222,0.09488990972791783,0.08695665372984952,0.08954467497068865,0.095978291236756,0.08165255562083175,0.10155248457477642,0.08261592405000381,0.09640799609720528,0.09084306023041194,0.08779364916672212,0.09898851218318014,0.08279065992907789,0.10022226182094549,0.08538121561730884,0.09633813095619433,0.08905027234579051,0.09512111489928414,0.0881906441309311,
1204478	0.3549347571435187,0.09209440823602436,0.08045942822492597,0.07114809282412987,0.09764591576172858,0.1556701790970567,0.10721165136996083,0.06380853726959718,0.08267213950357237,0.12105691507723297,0.09375160707332111,0.06248185754469046,0.1175236624217751,0.07050502382794582,0.07729777310004561,0.10976633441803177,0.059449507348742735,0.10496114900758098,0.07081172731379669,0.09258063999697147,0.0863254515609119,0.0855022024447681,0.08802498035530819,0.09147487006871118,0.08120364012842585,0.09523569855982542,0.08359732292033722,0.09306147480408962,0.08132666134429778,0.09832925212530469,0.0776357345178692,0.09855559373805092,0.08036820460499958,0.09503534740746952,0.08337727571997464,0.09347762115539555,0.08408293625348479,0.09353453249701423,0.08414640435403108,0.09284334909318265,0.08634285820073499,0.08883175624368923,0.09354524699467935,0.0806704239875371,0.10098105236407116,0.07688083344470119,0.10011673578520787,0.08176808432313569,0.09146847508419036,0.09317492876367221,
1205162	0.1709003969755352,0.10438049246337615,0.09628450020431283,0.09783584875786364,0.10520147321062598,0.08592117292007223,0.08973192506670588,0.08398925526444366,0.09658486949743633,0.09073134055834742,0.09090121791111479,0.08665877156703373,0.08996589960986325,0.08596173229361624,0.08517127747173446,0.09237696444426909,0.08303511206486383,0.08952720597578177,0.08795246556180236,0.08656803044427523,0.08893850133705627,0.08806706533637806,0.0885479132860898,0.08863463271755764,0.08665829177359319,0.09158105565994665,0.08475851632335717,0.092786752526347,0.08665183212603891,0.09006512752807523,0.08903813426322793,0.08820035397688615,0.09017593567022224,0.08788243570613716,0.0904848746226784,0.08775129921169786,0.090518097070401,0.08800744774176593,0.0899220772495255,0.08871777942359685,0.0892844370218701,0.08925613371534594,0.08906731291995314,0.0893364490198594,0.08941615013488768,0.08887783868569744,0.09009684933711946,0.08821896503667725,0.09068965279310141,0.08797998212702088,
1207360	0.48112372630282446,-0.0459602280835617,0.007515412663650614,0.19519556864396864,0.12110410991064925,0.21718862774402758,0.07954756297461088,0.09583752084769372,-0.017322176576575036,0.10701386629251122,0.13563692736114058,0.11151192044882768,0.016811929140865906,0.13722200197345866,0.1227544462975036,0.052035636912330256,0.09276402307647667,0.12959804895431315,0.09209719599969463,0.03988386853017204,0.15070125582176735,0.08314720185514432,0.04980044714664847,0.1560553188184884,0.02539747075743765,0.12344254274343752,0.08634260888309142,0.07826042629944469,0.10794715103768211,0.07838013882478592,0.10050506119403115,0.0854290773054301,0.09773279926890359,0.0852667979374781,0.09949354402821387,0.08272246451391402,0.10059332930665656,0.08256890462648456,0.09917360167157668,0.08425850258761719,0.09799052157100283,0.08646459870669752,0.09334192796107771,0.09563933844933306,0.08184700746292142,0.10572461976823268,0.07504502086396461,0.10637968887027362,0.08010615823381298,0.09541792730128569,
1209691	0.2753981058538208,0.11471653998935535,0.10772653592248511,0.09396022167116382,0.08889408168757962,0.10186775818124984,0.09070843153616265,0.09099316078139515,0.08210536556167618,0.08932695113318032,0.088596855588924,0.08862907662170492,0.08534557495605269,0.09100246204322203,0.08329544047438232,0.08922419406760014,0.08867686471828447,0.08293843005778716,0.09017972117820215,0.08950165750232619,0.08274970880332184,0.09095492290925157,0.08741198037659464,0.08714852632949571,0.08812270215886826,0.08994234133324318,0.08537180520245705,0.09141457809332604,0.08676302218834303,0.08875343319798178,0.08937609960327826,0.08681625109603755,0.09009752901452436,0.08708831524873445,0.08915019393644578,0.08859572949916762,0.08757130962659446,0.08999902823525595,0.08715531903854822,0.08992451579288359,0.08802971470319175,0.08889931985311805,0.08934085006545889,0.08777660756880037,0.09023710433601644,0.08762694959107709,0.09020805060797246,0.08808602792043996,0.0898522563836283,0.08862305077312377,
1213272	0.5312140252846279,0.10400485154192046,0.11423384231316261,0.03206651444309755,0.07907329711314819,0.1044743835834859,0.06045403995010338,0.10437719039421908,0.0037146306367583735,0.19099923857521767,0.0651821245127218,0.13780303413393605,0.07628791808995018,0.11835384812569966,0.10916677388047925,0.07476614436737061,0.16272006046749038,0.03759243081149053,0.16675074789426045,0.07850688663649005,0.10449217202267477,0.11307967769172562,0.1034372377703706,0.0895692456438071,0.12105841427706526,0.08314360643106042,0.10916121493146821,0.10012276696919267,0.09171705852120965,0.11069336308136901,0.08566119468848393,0.11204802394005116,0.08617550965247463,0.10869633204472129,0.08780466333259054,0.1048696928319292,0.09147525482970632,0.10062056560226457,0.09465687029897482,0.09886823662852158,0.09396151959045931,0.09966207685436487,0.09222523197954079,0.0995734436228587,0.09418767431784099,0.09456184669062156,0.10016594500682809,0.08674427630024664,0.10782703164240688,0.07891360111267696,
1214631	0.38512208881563637,0.0744978877869856,0.07294815565690316,0.08892463931245125,0.08592814375607992,0.11328575699500197,0.06415958534348681,0.0796717509121328,0.09155323452594472,0.08911999683763536,0.062006656692526696,0.10505691545347882,0.0723788710412198,0.0966042877326479,0.07589267238984553,0.07634794543817902,0.1080536873182532,0.0606296761610392,0.09293496800379927,0.10310471826643529,0.0522989114290029,0.10136084646883209,0.07830925270794545,0.08183544680643735,0.09164822079202825,0.07803515406635972,0.08942733970867353,0.08250651029253844,0.08629293408305634,0.08401506710437483,0.08727032552132716,0.08389679865184607,0.08795774557510787,0.08367058886662265,0.08891628883530318,0.08364710786695075,0.08921161487220132,0.08611842579656899,0.08684458333679498,0.0896964683289993,0.08363892438842817,0.09185948901954816,0.08297213953460673,0.089969704999392,0.08813881738513721,0.083868280954603,0.09569841812451062,0.07762424253382158,0.1005716161481261,0.07568254102528026,
1216415	0.18387829876073908,0.10066726414471887,0.09223114319890446,0.09616062572074448,0.09431427870849629,0.09762425259704041,0.08740703146813841,0.08680105928036737,0.10044159573580475,0.09248741554285189,0.08442487577864956,0.09502574819381471,0.09026110129904662,0.08886373043232078,0.09313004064893339,0.0879349815852435,0.0910495723443157,0.09251227195705852,0.08560856930951329,0.09559280939699298,0.08640948725613556,0.09355908728264146,0.08885309053184719,0.09269484403851357,0.08826540398100077,0.09311646238384667,0.08883141087639028,0.09204855583213375,0.08912299928907319,0.09227726081183828,0.08941750339177329,0.09191313624881436,0.09026073625338064,0.09123322806006623,0.09091615178670434,0.09064979055029304,0.09151953742794469,0.09018508616708638,0.09185464399373966,0.09011940578852655,0.09191569391880645,0.09014560015510037,0.09191026496614617,0.09036467182738883,0.09154149299643609,0.09098915874009317,0.09099427105861371,0.0916128812259201,0.09050634767270647,0.09203618328324929,
1218331	0.5042804044759152,0.07517800301911036,-0.019516605705176476,0.04597744107734979,0.15659235563700805,0.06203965201923471,0.04628927958523861,0.11448915782367015,0.10167593691765899,0.12873064259529438,0.07914674778078142,0.07163570137697095,0.12957607734204596,0.05579433310279313,0.08238598113500196,0.11985373582635954,0.05040865081944445,0.10715556985377186,0.06938033593710438,0.08863419227990081,0.08833423239919456,0.09947966937313403,0.06890163540585695,0.130596561481176,0.03395165070518988,0.14538452279575226,0.058948528159150027,0.09491609453864021,0.08672510292680871,0.09041461379049161,0.07876691994987209,0.10381076785700531,0.07100523417480285,0.10578849329475445,0.07789085456319515,0.09204180425555657,0.0992818770965601,0.06983881994340901,0.11756797767704824,0.06031100185011257,0.11988582988928198,0.06480980519385829,0.1087883139844692,0.08199466505916132,0.08776962476922782,0.09980250882593444,0.07681411772281861,0.10373150479848767,0.08268821888826007,0.09169523979793402,
1220601	0.14465619437411328,0.10075423422068962,0.10744298850056874,0.09491816871735524,0.10820793162183792,0.10184562278921261,0.08973153766297998,0.10004917965793744,0.09414106438498258,0.10073148987620814,0.09592610508591688,0.10041412515509483,0.09432963287593508,0.09886733680536473,0.09624726594323975,0.09867030334747967,0.09432317813954297,0.09880000616085796,0.09623079218895805,0.09619352775766594,0.09828260474734725,0.09495190331687957,0.09950459808048615,0.09431771507541174,0.09930735727477892,0.09661734621297338,0.09592101077010766,0.09817316767216014,0.0959667832100292,0.09643033957189465,0.0981998100875559,0.09524919914355476,0.09836657617115124,0.0959128609866147,0.09718630663747096,0.09728680141953659,0.09570813469944185,0.09830936226204569,0.095336378160231,0.09810798007047582,0.09581775203029289,0.0975962470569751,0.09625383735515362,0.09722391617796453,0.09647703696023636,0.09721959492798549,0.09622991810019246,0.09769844296473318,0.09558860576280699,0.09833689222881933,
1222508	0.13813097113721215,0.07963810885094887,0.10873861754686896,0.10896117693149188,0.10243487097229183,0.0985981524964669,0.09923803207687464,0.09678742417266262,0.09842089189762454,0.09687990518704874,0.09736133073749031,0.0964901589892222,0.09758326347091556,0.0965987093697217,0.09712882086521706,0.09697559075242307,0.09592632349641206,0.0969178242856858,0.09673608401147775,0.09582172687277993,0.09690024225419701,0.09665485061948312,0.09588958024971388,0.09697182416067292,0.09582122297242707,0.09675047856374105,0.09602637782190439,0.0964352696408229,0.09608006913123805,0.09653801846131473,0.09604719938772309,0.0964483948722907,0.09629808573701441,0.09605684268957145,0.09673432135838288,0.09550104344330117,0.09711616561499843,0.09536889513674285,0.09683773957230105,0.09586088425097644,0.09619032337258455,0.09647420830354841,0.09557588478638089,0.09685490742559201,0.09551561672954241,0.09659376415457203,0.09599533422649008,0.09602389443242912,0.09655575257146133,0.09551944661817147,
1223208	0.5074623989566264,0.039744605797682596,0.3871345909069833,0.04546865770910528,-6.863214215871469E-4,0.13361573833312107,-0.01844874611414621,0.03626776805807291,0.06962698250943315,0.10871962356044375,0.038919589689447025,0.07281677044706503,0.07606201454298185,0.0662822385320885,0.0564321544555394,0.1086515857844947,0.01490207366347586,0.14184156553191704,-0.007684047584738689,0.0985496380837547,0.07754897052620761,0.04045469397022758,0.09512061912569528,0.054122016648487835,0.07642491305285053,0.07607504470798385,0.07955249901485834,0.0824536511111833,0.07091492906419913,0.09002608141210036,0.06749804367637595,0.09225649955354336,0.06810612085917304,0.09695212152125068,0.06304720041415258,0.10743471162063575,0.058039824233946394,0.1104635194265003,0.06664405663094759,0.10039665106564909,0.08222489757627366,0.08283455897509776,0.10271797677959138,0.06598933282483489,0.1134096309410949,0.07024372541334954,0.0992313843967986,0.10108242087471246,0.0588026884517234,0.14668238636273412,
1227641	0.2954996036479613,0.06156122928371506,0.1362250949647389,0.12711540079917827,0.12323886554393816,0.11889990613458665,0.09104785394369748,0.0940288654107756,0.11451968420501861,0.09018481710124739,0.09171351731011633,0.09816778672195733,0.08916337613505754,0.0900721976787941,0.08761510796850644,0.08835535909281379,0.08724947398201058,0.08732156449133578,0.08514542345861177,0.08661517425621618,0.09029913165690383,0.08359043988477317,0.08988377057858042,0.08745795468411319,0.08351537016978383,0.09340214515042211,0.08265606882615188,0.09059438962116226,0.08694888112921656,0.08760163366715326,0.08786944968444532,0.08762073264381919,0.08799416015562002,0.0874423794882498,0.08870628104138306,0.08624346568437566,0.08993135974454479,0.08558526100711102,0.09020230966605211,0.08623251295578284,0.08985896665609377,0.08671095400222097,0.08959633069986957,0.08708530324757584,0.0892944792972474,0.0875774830644726,0.08924937352094212,0.08780272534825108,0.08946002141288925,0.08781246555449186,
1229897	0.5747649972942185,-0.057110464710351215,-0.08273510280728066,-0.10316025592688098,0.4357107259955719,-0.1557026465886824,0.19040503666168374,0.07477362096540706,0.31477758070194706,-0.07625035742089703,0.2819981289448547,0.1213160821356046,0.06646891597287159,0.27048590410958845,0.03617967747773286,0.15342917964909086,0.20210190649802004,0.005661633705500309,0.16467102815577553,0.19714777881532305,-0.04197893192778329,0.1805192367389547,0.11369244701057442,0.05715388845359997,0.17347335461881516,0.0815814348891241,0.09767937367082924,0.14975309602590167,0.04237926006036754,0.16842136531922614,0.04780376343964566,0.13451695485447723,0.08594232786537095,0.09282653071913656,0.12068003691179612,0.06405944477185306,0.13425857029475594,0.0677905690975908,0.11660183170284114,0.08684074629016238,0.10312234074834233,0.0879022462026435,0.11137558333978134,0.07405533151568866,0.12306197461959359,0.07214880470091006,0.11240173907925419,0.0938668605267553,0.07695356674870822,0.13244368512693647,
1230190	0.18866919906390034,0.1372794124522952,0.12914285020480268,0.10709914059472549,0.07281404141309482,0.11381457623742625,0.06920612227265896,0.07752175980821313,0.10582432189510982,0.11033373929672832,0.07728282922653752,0.09828852372202015,0.11034915899874434,0.07164507100179938,0.11060458988814238,0.08432146840997705,0.09118934930526758,0.0847655807515496,0.09919574452097159,0.0731380524743832,0.10043850151348115,0.07948927797472001,0.09573123701493051,0.0807239896294236,0.09013552732168097,0.09437880414487221,0.06757563451269782,0.11053006531270146,0.06604381133659955,0.09881569031529178,0.0821656540980871,0.08421778789887928,0.09197048316204952,0.07786273507797777,0.09454228227619677,0.0766144504032515,0.09305813164472239,0.08074981101704787,0.08739261839476017,0.08679119891190205,0.08254566673860353,0.08983874245195074,0.08145433516741914,0.08814321143888394,0.08581111563857859,0.08251810193807513,0.09160470340290768,0.07757976386455226,0.09486930422967065,0.07646857522509797,
1231844	0.45355071369156075,0.15747443096408723,0.06945385389770854,0.0869655879372614,0.11269940704139395,-0.0014621998623935626,0.191179162814802,0.11884130641548699,0.011635994066735773,0.1419942817487202,0.07738516291660531,0.158867681890984,0.04272594284113254,0.15141089573578956,0.1302437027821303,0.037076680676823244,0.18106360317183037,0.07424342161213739,0.0965436786173335,0.13027379876166567,0.10701072161189559,0.07305073553426081,0.1644705856586882,0.038910782060716784,0.1575877624696218,0.06567855133329441,0.10871878184654564,0.09502529748578487,0.10969928267318584,0.08494059628755642,0.11964606842098034,0.08648999258069433,0.11197190331910976,0.09501224416888615,0.10384886488785305,0.10074751116686831,0.09926389893042802,0.1040367601084873,0.0966680168785496,0.10468364343011108,0.09724932924097579,0.10067374081747414,0.10445542558434184,0.09087364278555493,0.11564206642841739,0.080390341223986,0.12375086763968472,0.07164819915659566,0.1289698067792425,0.06821508642998081,
1231905	0.1821361432539624,0.12719358571038775,0.14247308218913263,0.12289405769739595,0.09706479485978264,0.09757902842816156,0.10227159177065966,0.09061238901750253,0.09370017524907236,0.0972612859368718,0.09530957015748441,0.09000486500304902,0.1043512771611541,0.08534678912531987,0.09635965435635895,0.09745431831646544,0.08545042712609889,0.10345170446008133,0.08122602195844207,0.1028972660264633,0.08701029801226019,0.09730879511816141,0.0922060410626005,0.0943301346656583,0.09184162310666101,0.09478834973430258,0.09138304140108067,0.09415106415423435,0.09329565430426952,0.09331068174815298,0.0940402594178655,0.09343972670209912,0.09280238812742986,0.09475705706167686,0.09139915098570187,0.09581754107825063,0.09124198392542543,0.09472747911125767,0.09319079837105054,0.09258823588495561,0.09494642106429961,0.09137879619063696,0.09550360313816426,0.09174987122027983,0.09410789918996122,0.0935062925712076,0.09256389672876257,0.0944154532991665,0.09254378505075395,0.09377719827817227,
1233663	0.21684767846903658,0.05420514563372259,0.11879431574980627,0.11457794992948919,0.09759406891580423,0.09689559854690412,0.09073293998239228,0.09902968149817586,0.0877482226045262,0.08759837995405453,0.08888719090659315,0.09395334226627738,0.09085332864632739,0.09045293779336032,0.09086107289141107,0.09047629769338532,0.09192436535334145,0.08923378711638319,0.0923393722903346,0.09021565331880897,0.09068300120667352,0.09078502980792844,0.09180236902617553,0.09065937355814671,0.09200485279765248,0.0905063075184854,0.0921406654438057,0.09081310905210521,0.0920057922634565,0.09054374743044717,0.09210443294172084,0.09077451712215771,0.09174687219141384,0.09137731371838652,0.09126707076419416,0.09196037192468312,0.09083510820480471,0.09219867281764761,0.09099353035988447,0.0919219806000501,0.09143468430086098,0.09167593400898547,0.09161205116931527,0.09173394980208764,0.09142719732358946,0.09205191100591073,0.09103915024098644,0.09264246564518963,0.09044202730174751,0.09337997038082015,
1233919	0.5703114768851949,0.002881138540154506,0.1835209236665931,-0.08544852582327898,-0.02595215787216522,0.08235698269048769,0.3139348871037982,0.045545077670246056,-0.004697215792820158,0.15555327512756548,0.010190673132284167,0.1974453637445649,-0.0017650783290492677,0.1342833792320239,0.11515714951393008,0.048458875965760415,0.16325274387697092,0.04318563962947805,0.1768131030280053,0.08389343618896725,0.11358513443671112,0.1185788101125799,0.10034127135777487,0.09486507629219619,0.11795568396241966,0.0952369313024899,0.08200833319461812,0.1406430369218311,0.05103801733564183,0.1390991779857628,0.07031547293847103,0.10034631350364627,0.09692989509752091,0.08940211781403988,0.09041697645616492,0.11195099244963828,0.057818073859751844,0.14235908612453405,0.04224622257994863,0.140307748314506,0.06125699810509983,0.10507563804585557,0.11148996545643433,0.05132869206335288,0.1580317578105738,0.027526147713746216,0.153856151196973,0.052216324355381885,0.1031884807205404,0.11612254597321281,
1237057	0.19873062812794004,0.10344302337241323,0.08751757546641971,0.09764537506204915,0.10465701419352891,0.08166408169217557,0.09586003263086564,0.09121066508928517,0.08731308666478556,0.10230171256917117,0.0908075315146351,0.0934536423198682,0.08828670526143849,0.09625907477987926,0.09457285378545766,0.08341609115633873,0.1079083084376639,0.08585675534055372,0.0984998925834469,0.0949005303110783,0.08760042820099002,0.09704516581050968,0.09162603267564742,0.09322354411395341,0.09308020136472529,0.09286557463642303,0.09293775455366225,0.09351197112737765,0.09274190109661905,0.09313122556949427,0.09342677350330171,0.09266667225728184,0.09371013767368869,0.0929600914783542,0.09318205040643127,0.0939683314950248,0.09209303658732695,0.09520373079527426,0.09144493593858767,0.09547853061326021,0.09153874103762334,0.0950082161777486,0.09230873956339855,0.09369882554460635,0.09399287254779845,0.09206167659496912,0.09561617063876311,0.0909153569240791,0.096707870873689,0.09034279334170084,
1238346	0.26726823167918456,0.05407353275150915,0.012202456143399137,0.12142942871580013,0.10143663579572251,0.10010368071960209,0.0776421454740451,0.0815001315627134,0.07174230196487796,0.12059849945410943,0.07696115936011276,0.07273647909325315,0.09976846553392887,0.08487461962708395,0.07258109470997648,0.10089664039346201,0.07545246660908919,0.08562273263479714,0.08394269135560196,0.08397853405694133,0.08153551241902816,0.0802934026050598,0.08789184348958021,0.0742546274588836,0.09022253821472119,0.07669232538039192,0.08258700164753445,0.08426874553255584,0.08187476579174563,0.08192597340965395,0.08353928012264808,0.08225014216737561,0.08061298792350687,0.08643156316173281,0.07629549381543453,0.08960800905862935,0.07554488048838057,0.08728362309616693,0.08082214299364489,0.08160752617880297,0.08648856501142703,0.07806928364476072,0.0887625569763424,0.07923538129780142,0.08582517717701901,0.08311254740296359,0.08302050008301647,0.08327580197481887,0.08559443102124832,0.0788238419773574,
1245485	0.5965229610354783,-0.08540242988436846,0.014615838606846407,0.05330203426660145,0.07462739486179433,0.014811347289137074,0.23813174848416535,0.048607072896477706,-0.0015192457739596956,0.0778715231368367,0.08046672193701872,0.08604116906384296,0.09110546167566498,0.06609010679388008,0.07077241602209519,0.14516417623957695,0.01780334782585457,0.15942779208927352,0.07741104640299312,0.03488291032203595,0.21113455840072118,0.020881236033408954,0.14373873996635245,0.09005551419051311,0.06640857202575079,0.17108339639557119,0.024232783749593576,0.15722319625044734,0.07542501808088453,0.09176578648983005,0.11970251500898393,0.07165912937995093,0.12129381208838459,0.08219660448786666,0.1024168323436657,0.10556885111094316,0.07289368850478418,0.13207639266591784,0.054837546997525306,0.1418985481666856,0.05393042606648,0.13740892663899126,0.06896022352698301,0.1113536390374603,0.10179235063469655,0.08061139713954761,0.1227531292118415,0.06895745368482951,0.1254785422973691,0.0716747268350276,
1246515	0.513684827582981,0.07133077145289762,0.08815510094341193,0.15687842511405342,-0.04924386519418171,0.10052271946822623,0.08026136787445437,0.06615783475971292,0.13168608335746096,0.06275546117292928,0.06265435197763816,0.09987294922878381,0.09353818224710762,0.058178503917553706,0.10476398434379006,0.08071961462316259,0.08099295255776756,0.09575805863293621,0.09521299747861789,0.07541216418301919,0.10926950091291598,0.08441767381757767,0.08249645958697331,0.10729935208893507,0.07113997507911933,0.10419300144991661,0.08586177261223187,0.08817957683506439,0.09947603158697894,0.08568915465098778,0.10015340014236195,0.08883815394663763,0.09813967664200024,0.08971911722853931,0.09809400848372735,0.0881163854374491,0.09928663323463237,0.08676827020195983,0.0991831498095686,0.08765503531511987,0.09766706308911495,0.08974106808844669,0.09430299808668718,0.09498533824900503,0.08806104521188443,0.1010523688264005,0.08247748194906786,0.10491104696796696,0.08053583246972508,0.10385876302843265,
1248603	0.3332426694609447,0.15673358589966346,0.07030009472778881,0.11371597326055492,0.0928147566441209,0.09136282475549805,0.0952058149857138,0.10039794938597518,0.09156990994747032,0.10479582390938633,0.08848247777575882,0.10330254634536581,0.09206414782122543,0.09909161364809471,0.09609728719100916,0.09700952444640665,0.0955493655245141,0.100180853435409,0.08812844934857184,0.10637782120201453,0.0853673954240729,0.1069450128516128,0.09049178870626236,0.09933364466364199,0.09972483418195821,0.09234974015475687,0.09916231000396715,0.09871374815883596,0.09297833172814196,0.10162774148591464,0.09387461818998767,0.09838175868151786,0.0970685135223586,0.09620060543488697,0.09764579183610157,0.09660117863446252,0.09625206320175313,0.09826701638701481,0.09480872230852319,0.09897435049317264,0.09462346627677583,0.09849381182776737,0.09551875908049821,0.09718682650965052,0.09695572107535987,0.09592469988462199,0.09762160364700864,0.09564432656777895,0.09717306858189904,0.0964900531987656,
1253752	0.536722326129473,0.15596606283974204,0.14132780891952612,0.5567347779057367,-0.07116469492750199,0.027845725850456245,0.19823218037425847,0.1049151033629683,0.14555929550276692,-0.1313833689813166,0.48370017574492546,-0.10484458246433707,0.11938877583966724,0.2214696498741595,0.0534656644671516,0.11724610056619475,0.11838434115105458,0.17948468043182725,-0.07342090470295676,0.3291819270852935,-0.12444643494284824,0.2330851999636045,-0.023033593345550107,0.18445543688589577,0.04565700574009107,0.06383018871917012,0.17816350957985147,-0.002623076015436946,0.1656687813398433,0.057884434223250576,0.1105982368152521,0.0861182846084154,0.10809029097203894,0.06476204660777848,0.13586303296747293,0.03629802424974038,0.14585705620826128,0.04419823840553992,0.11839481406643233,0.07192517774261753,0.09692484420046665,0.0842540382319792,0.09198340712931738,0.08786551978860906,0.08788827400276035,0.0957480561995006,0.07805244432366708,0.10794651682458989,0.06999728980045399,0.11012751940109661,
1259356	0.5238289560465265,0.15502670043032465,-0.046747399605591856,0.06195157386277409,0.07151596703696428,0.04291208814106457,0.17748321663154687,0.0238022947649059,0.25126968792711885,0.0736109090906865,0.10657713315312418,0.10662244238462767,0.13311115676993807,0.08219491112408402,0.1317436835808646,0.10335561269000565,0.08677393389898212,0.15522599913360244,0.04854402148177742,0.13684532898280355,0.09312552824942337,0.11490503448874985,0.08507511140636916,0.1348216025826064,0.07037886499362571,0.12676591047210742,0.10927777969026531,0.10148336292548082,0.10004049515033142,0.11988805782477352,0.07307073623921967,0.12958408497190596,0.07620360498837458,0.11587832550418652,0.09564891682849413,0.09205762501753828,0.11697677092638044,0.07788184488568858,0.11790715245740754,0.08602231020200209,0.10461985476694495,0.09889243430144301,0.09316579753006704,0.10430586822751593,0.09428763367961589,0.09471730529268137,0.10896952224774792,0.07570427510023015,0.12942260169675077,0.05974211160355785,
1260633	0.44187030609689065,0.18315484734344598,0.08189084176508848,0.20160654692147725,0.05015195461939729,0.05255374818181973,0.12533108188656647,0.1549255928648044,0.06408930025159891,0.07131971068270937,0.12479004313389465,0.08497979128778967,0.13206392526052163,0.0577932914571989,0.13345679451361922,0.09109319994592274,0.07158815529797558,0.14061599766385274,0.05799192736160673,0.11074967887221128,0.10506339420441459,0.09014174475332473,0.11333514931717273,0.07585498020626591,0.12839860940544348,0.08018004441549377,0.08983346251446879,0.12900733072053558,0.05466123920881863,0.13630422329259562,0.06729812449132992,0.11673734689597697,0.08087272586718436,0.11525461610261885,0.07276363646827562,0.12716535184754688,0.06624340666032197,0.12372637106613317,0.0818549992844526,0.10221124913368465,0.10340843721306275,0.08396554533558176,0.11407116347546684,0.08455111369405151,0.10437865845972101,0.0981179989348045,0.09205423957071843,0.10419182047548786,0.09116090011490909,0.09770380600768042,
1261754	0.40948806897342116,0.07436454289740559,0.06687523512813767,0.18045806595394034,0.031468939159080556,0.11972867802750331,0.14367719583712663,0.10470523270919953,0.10410535260204799,0.06724499182802493,0.10749925372016565,0.08728922442981114,0.11677377679792263,0.06406105958048587,0.1087690442022525,0.10313978610325093,0.06014037540594674,0.12079975106663086,0.09229843302006362,0.08888030058453629,0.09989504106443876,0.09870321815938107,0.10229710718110042,0.06678308499155873,0.15206199018458375,0.04108444861628418,0.14084672003197918,0.08850725487872375,0.08852813947521856,0.11848837891368941,0.0734330407163346,0.11599901788142605,0.0815404463255057,0.10920878006180527,0.08750799641138278,0.10425609851468519,0.09423027686402892,0.09588582110566643,0.10355202139546049,0.08697013099457923,0.1118886828812886,0.08034190466663418,0.11554873270090016,0.08311030447052006,0.10796796830136322,0.09141526017422158,0.10096246405653854,0.09383516293661744,0.10150879442351295,0.09084144521844016,
1262667	0.5934773644904305,-0.1639747040930511,-0.6344869420748298,0.3167514589557604,-0.23087872121634875,0.1463770153531814,0.41021808980312724,0.13706086922465313,-0.26283662028809823,0.24804712434001028,0.06310958840610369,0.09590318103373224,0.0905554159304784,0.08837156937423456,0.11318035805721753,0.149907252318099,-0.0186159733566768,0.19246626012798973,0.03133537021570986,0.0537530137108561,0.07959301120524258,0.2113786380825329,-0.12725686814546375,0.2986532623556026,-0.1079165209325321,0.12421218184607666,0.12633155335244545,0.013500589351926658,0.14785541382502224,0.060695871864193486,0.08551184663177604,0.09416578125834499,0.09462726807369788,0.06619686123976166,0.1383849082131639,0.024579521549692607,0.16273987530765002,0.029865717653531305,0.12987713190180278,0.0782961177108705,0.07926946596874179,0.12421444555554759,0.04555880266092527,0.13914637743830244,0.04862800203698585,0.12423946815220706,0.06221225003519028,0.1139033614830263,0.06959661301874746,0.10554486208426761,
1266303	0.5350173967565478,0.0015139194095693332,0.11123018845542271,0.27056476737666146,0.1972185121345002,-0.32553465131129605,0.26123105054961887,0.07281600387416413,0.01379856665115633,0.2287381120318085,-0.013746948824683788,0.0909457510038587,0.1103661735968078,0.10181652888139531,-0.005036455520523379,0.191428196432387,0.06759665077065874,0.01544636224694205,0.22757973823235883,0.01541772241806394,0.10347180988335371,0.12447440142716384,0.0677373492422636,0.11027711924425067,0.08938111139342705,0.10100497790536835,0.08448771326265098,0.10759299608183555,0.08870916780466619,0.09674928892670635,0.10374044335351906,0.08638703917477307,0.11257685031985244,0.08083060952707291,0.11902615685425234,0.07458475270628626,0.12369767472149025,0.07606548462768878,0.11827248747857026,0.08708198752936777,0.10595636780100966,0.10150955886363293,0.08833869854997954,0.1172620627634773,0.07521095855485382,0.12380883089573068,0.07430694701031251,0.12315430642710236,0.07573339995981945,0.12054600725427522,
1267224	0.510960820148933,0.12844673057619888,0.05518781397322682,0.09843142822552238,0.2384639644524456,0.11863443860882729,0.08237489558532035,0.14252954011209243,-0.07734575502678784,0.20824554259203656,0.06811568294391449,0.0699988232477547,0.12372636305476857,0.08257882471822238,0.09531312235650555,0.10285205982509396,0.07137783158205148,0.10632168531128636,0.11808985155343081,0.037255373372176506,0.1574418038796491,0.0930710963978937,0.06575097876265958,0.16355526501445258,0.024512570178813996,0.1498568948840864,0.08425410963063164,0.08914727820637654,0.12953667893429532,0.06205575699477741,0.14114813443484114,0.06737426148716133,0.12599225378371698,0.0827146837361855,0.10534245266173277,0.10085756744076957,0.08648639756862872,0.11271699716384354,0.08335888011995396,0.10866957791650868,0.09080336137474161,0.09972628944568179,0.09692545113744626,0.09542514440210205,0.09714029484408544,0.09710384655549499,0.09422564571991701,0.09891948464916704,0.09340660550857911,0.09702165572007077,
1270405	0.5191985688152939,-0.08380144987653948,0.04613203103096591,0.06733049085062322,0.08879996923863137,0.05902846031315511,0.18780625403940526,-0.011066378663073941,0.11132166327307425,0.1265683096185629,0.09681613274155206,-0.027626610318381834,0.1846176695870359,0.07703461549745676,8.216002689134611E-4,0.19750286444471382,0.012800330454315343,0.08992542483994996,0.11762642346320597,0.06891642130000003,0.08776936918953211,0.09902549369831162,0.08353330540303272,0.08967687326441877,0.09288440811627018,0.09984223829970706,0.07065456927757123,0.12319901181633161,0.06081061136693175,0.11836223925187615,0.07310636327382014,0.10459099475505423,0.08024356914534275,0.10190257720463161,0.08264138795301458,0.09678142937048627,0.09289336405647478,0.08665519931994033,0.10112094782004866,0.0848054476380882,0.0956407855731702,0.09635759912073916,0.07854925436454978,0.11235623335962203,0.06901265667885259,0.1119772064743721,0.07843579922942077,0.0972300091693393,0.09600329990243135,0.08139772584101054,
1272893	0.5525926322057502,-0.11828505605019658,-0.4895796752254267,0.049447474638656695,0.031607250942312766,0.25085621677047354,-0.09945990770767271,-0.13121967873528928,0.23984675236275693,-0.14355922040819835,0.14385696251247684,-0.061751553086973436,-0.06178842411142539,0.06522420351687856,0.01314128462364287,-0.015283174273497277,0.036492195776721255,0.021252228830247275,0.007427910159216804,0.14284647380793133,-0.10411268673907013,0.13285244641281013,0.029743389858868426,0.02198307514190715,0.16559904192123973,-0.05916917435016205,0.16519022798893176,0.04439093402124709,0.05370559110206434,0.11805876482655613,0.02991146216287959,0.10297143239343054,0.0773874851305197,0.05687645683964306,0.1280238730999534,0.01774978106505921,0.15105557615480628,0.016734817952359315,0.12958690157546632,0.040540737386795915,0.11248121642117455,0.05175674080814831,0.10782568445500085,0.06538420456204287,0.09022125669732982,0.09576929943736685,0.05627471605530742,0.13293060995285366,0.018273335299909637,0.1567830698540795,
1275730	0.5581004408589675,-0.3493532928855231,0.16279853677676084,-0.17381390753794637,0.1045387321553033,0.09991804324439442,-0.0028350798266185456,-0.11466744165082458,0.22495647344204886,-0.042362828196807825,0.11230984318248595,0.13977606685193256,-0.13236307840553854,0.28169475055547216,-0.018032742937160152,0.07093564695698729,0.08260870760572622,0.11210161370516018,0.04386399706667753,0.027738595366322203,0.22679743450354692,-0.04448227395652618,0.1899031031544901,0.08928933227871025,0.003999284442211384,0.23229225746052412,-0.02122718529474163,0.14523376431456853,0.10872354997327711,0.04902673070290628,0.1678620354491763,0.043089547678259156,0.1483474932807888,0.06294343431816357,0.1351959893777772,0.05835253841584154,0.14577066206391145,0.03802370536247899,0.16067999776944045,0.013142599132268494,0.183466684081328,-0.016337734882095615,0.19749281061365703,-0.005040891297935476,0.1576982178827156,0.05315027653991301,0.10379367158949891,0.10031186720612154,0.06804315960433756,0.12580726858837302,
1275904	0.5770007756895627,0.08036706276629611,0.10081737341038645,-0.33701539327587826,0.6110460656277952,-0.22751184559290616,0.15442226418302193,0.26927794183351383,-0.22702798687592343,-0.18748314279631315,0.19410170986755215,-0.23029282270550822,0.06563348265189788,0.04181311979940472,-0.12629114429986102,0.13523292001287,0.12594387482438163,-0.3201428141460751,0.5592318105236178,-0.24995758724321337,0.25880372338736385,-0.020396537291756865,0.23357955467048253,-0.0607024252909714,0.20878600277492154,0.1017103013627347,-0.01767109601998934,0.2488694589714898,-0.034677680424837515,0.16700758040760635,0.09478204010460525,0.05561136887902031,0.161999410191289,0.030837606291306354,0.15920746266813862,0.05481037849362128,0.12239888222026407,0.09480740814327636,0.0920850038348185,0.0978072095018291,0.11557864913455677,0.04207522951892586,0.193494764422425,-0.023926824065654963,0.2347019686085817,-0.01546678432457825,0.18523015896906553,0.06477305570322912,0.06718563180381056,0.19333307584541723,
1279527	0.5317522737259333,0.7020759737093086,0.5385844942872763,-0.5164289895884916,0.518640189136534,-0.25046423921328903,0.47379814208509846,0.09506200752309488,-0.24576347183145916,0.2827019524086879,-0.2170015232213439,0.16323998975891651,0.05173807499284719,-0.07527084201248384,0.12447712429204773,-0.0622452828243968,0.09724627751453681,0.018668458714139472,-0.04944618371411243,0.2146332308382959,-0.15138176803684422,0.11107641428125452,0.018608856875785604,0.006831554283711756,0.079132211513354,0.024991701782938722,0.05742708562163438,0.050979294718936904,0.07515720509959299,0.043487557701212154,0.0890728584400466,0.05961354961308954,0.06975756030386757,0.0936087861198981,0.03972197228203811,0.12447144899363513,0.024597521903883833,0.12394312789098419,0.04508553118071565,0.09701063567213067,0.07520207137771269,0.07094368233344674,0.10475676369110923,0.05156890908848583,0.1223781627786006,0.04831984064636143,0.11966526253524543,0.059559726606969975,0.10203806506019324,0.08455985699051591,
1281002	0.5275156846572806,-0.25853464905929263,0.061942080061395594,-0.0262165838599958,-0.13367497414851068,0.1094365899547902,-0.09083742229765597,-0.0187494421418542,0.14326510610226856,0.057033974535783086,-0.05322930399066368,0.13459935410226806,0.042067247706730405,0.05366036974810421,0.04928485854398519,0.0939458464543602,0.07192284188149772,0.013851871673435552,0.17499182293216156,-0.003739279798887586,0.11513075758232777,0.13868226046915694,0.013243863691433056,0.15723070002690215,0.01985690011712075,0.13365131676867492,0.04558403052159979,0.1228057432219502,0.02823109657978881,0.13598609331495207,0.03706687357783274,0.11410143447820023,0.07363449158247376,0.08265003603745892,0.10485476289432417,0.05720070978698347,0.12230322687915088,0.055574107824808774,0.11315430033191223,0.07428626013860495,0.09587643269586801,0.09119141898057333,0.08167010486727432,0.10265373007996131,0.07592420551414823,0.10413588729259651,0.07848440454267959,0.09998858155191177,0.08331921977938173,0.09404087583495047,
1282889	0.39401911755212493,0.14704480771989625,0.09896952320021643,0.049967745663979345,0.09064795442148575,0.07521652713735826,0.09605167703414759,0.07066937744859601,0.15421698648575605,0.06905682564970644,0.11531486089445024,0.07879706676372808,0.11878301122507623,0.08796037423856293,0.10131402520434031,0.09556544126197596,0.10406698926696231,0.09693456509893897,0.08515910110098486,0.11967380944973513,0.07661650182530087,0.1079158519727993,0.10092740601657499,0.08955241568219934,0.10753343821491892,0.09216113678177351,0.0959500149291694,0.10484289364815169,0.08514500601951208,0.10951269861036703,0.08417667046160257,0.1067593338898988,0.08744268926224748,0.1038124733634138,0.08982784032679832,0.10086834660544872,0.0935858886842215,0.09652062700776783,0.09730967899418222,0.0941163319788408,0.09752581511462205,0.09465409608929258,0.096106113658902,0.09555209369371634,0.09619665327213384,0.09408251554598164,0.09834653794282376,0.0912546209129884,0.09985281617985399,0.09091516403680011,
1285780	0.585205323853361,-0.04699618668245447,-0.23969997064808954,0.04710101727151774,0.08071115142685822,0.0029290338566311915,0.09588696808531831,0.01908091493163873,0.12440422621987375,0.12598165310489487,0.041874351715689095,0.09426221061807799,0.04829926324553103,0.1073801749782936,0.07634458515959253,0.03098642946558383,0.1599703819317985,0.014924268793248477,0.10421629860335359,0.11335935286109478,0.04729975237150274,0.12351730722218325,0.044003592301017136,0.13756294718154038,0.03572981208455063,0.10744974636374599,0.12166782796238224,0.018584937884674937,0.19317103652561077,-0.0015508653865848666,0.1701930655623669,0.049383351757619605,0.11215988516343832,0.10063081626569635,0.06442525759616814,0.13800210549825742,0.04361379331315132,0.13600574257197373,0.0705064726519427,0.09854174422225653,0.10703663808870631,0.06853704936806033,0.12308964780709782,0.07305417905974883,0.10410015446145891,0.10262978296562549,0.07367077202653807,0.12544527167771205,0.056647092902304456,0.12879385773895136,
1286105	0.54941160606145,-0.05777437520783966,-0.047836147522761496,0.12525692769269936,0.13981877703761825,0.01370736493834791,0.07801459203174858,0.12282285459707995,0.12937276349672303,0.05735170320470408,0.0942367003125645,0.22754414163989262,0.06104708386525223,0.06344608146840156,0.27610380708160825,-0.009814799298865166,0.16261460620533877,0.14046277522024012,0.10138243364674769,0.109357023454534,0.1205570861937773,0.14157872833576063,0.05611652556654181,0.1724952174130285,0.05433880299356836,0.12245722635074859,0.11797956724305025,0.0775113450697339,0.13371516787968418,0.08905985014212052,0.1010301570324339,0.12106703251349497,0.06509078059522917,0.15012352556279496,0.03978755424587491,0.16474169134509664,0.04432099511648156,0.14272225039896755,0.07547116738916347,0.1141049699520201,0.09152300014382889,0.1043366316635276,0.09158300468012191,0.10572559648998177,0.08851355549891281,0.10716906027782899,0.08518275538793313,0.10874538694126148,0.0789213656230207,0.11274784465859738,
1287259	0.5937046959512392,-0.016624564407381557,-0.06731245869660216,0.07096747912458612,0.29041635048279796,-0.1292051945226179,0.26087688000729087,0.07283529038221932,0.2742439327774325,0.08015536288462465,0.20640944246403256,0.1516051548191496,-0.018514714333390303,0.37031786660242216,-0.05194917920429092,0.19690622924229217,0.20350318729372507,-0.02300449569293067,0.24479026914872115,0.10930714066089603,0.07262624239466293,0.12436165204952905,0.17853573622295169,-0.007398007960079929,0.24846310503749386,0.014590110183802522,0.17144824205773018,0.08350218792980406,0.13533212531454047,0.08665947966298339,0.12398916498899729,0.09999142145178941,0.097579477157043,0.12251262636220184,0.07325222286644784,0.13499551246399605,0.0709662754559064,0.12049806953623592,0.09148836554724216,0.09825599906444885,0.10169234230436702,0.0945810831641232,0.09516337444821567,0.10337209824043772,0.08971869459099215,0.09929415480731357,0.10455222266582793,0.07424839570969609,0.1336539424433436,0.04889781697345684,
1287278	0.33800704012991195,0.004381676711668774,0.06251547904551044,0.061752445575453285,0.17010214391196288,0.05997605887970015,-0.0013841285563493278,0.0761778610921632,0.160163956263722,0.047944846724437405,0.053104532860512504,0.05134769993473457,0.10966404471773007,0.06307599081508597,0.056431650836067625,0.10422540139470605,0.08079216795135814,0.056926804833581306,0.09879401038518928,0.10162817179241462,0.03686431794562503,0.13232742217318963,0.05351011383331428,0.10259692853804785,0.07828002951076507,0.08513376306416442,0.08256040875991762,0.08425798424900119,0.09123983611242782,0.07128768044972394,0.1098163171398243,0.0610199233154436,0.11265558353494715,0.06616946477172257,0.10338721998727762,0.07727486232175085,0.09198896909879652,0.08724346838786336,0.08730056194191611,0.08806022751860162,0.09121041265263403,0.08392086363610687,0.0949326594355578,0.08330247136792855,0.09357175954269933,0.0859393881900582,0.09417584660409473,0.08059229201620191,0.1061412342430845,0.0648427005199128,
1294403	0.45354842183571775,0.006846557211837415,0.03832746465139327,0.11662387439708131,0.06844823142970527,0.136680903025203,0.09981868015170006,0.12183543226133499,0.04565593567873728,0.09588908758153727,0.11643983195528486,0.08683484881666857,0.10731035730766265,0.08001588037397364,0.08488155548581026,0.1150628471145402,0.06953615512858267,0.08779870375374518,0.12039518407962906,0.06126550494574584,0.09413121542154368,0.1037980863821903,0.06780737800971609,0.09812436505358105,0.09188381721874027,0.07355695797933076,0.10484646314497147,0.06962861535112526,0.10052624484616227,0.0767852238872546,0.0929855108011128,0.08578752687858898,0.08528166381653823,0.09272436269732337,0.08003971322539999,0.09655528406193227,0.07835585634544322,0.09531423845033861,0.08257264441986907,0.08979933586937054,0.08851404990157875,0.08346575963983355,0.09467677904702415,0.07703899061671496,0.09932290999350736,0.07426359571669078,0.10240892839765409,0.07192997732034147,0.10691019226883239,0.06935862747668313,
1300545	0.5324495347115396,-0.09469282888027278,0.03955697501171425,-0.21659806522437972,0.455053619566488,0.14229391699785138,-0.09819966207580204,0.07682080980104906,0.1606158037670713,0.08911633529626424,-0.02418178270901137,0.19444442795096475,-0.03779470360985831,0.15027710164114452,0.03690764044974805,0.09395680313380751,0.07132517805650847,0.05593322587590608,0.09441426363605257,0.05303486886311795,0.0496199914990115,0.13203461632694266,0.017020946418436978,0.1291314090488017,0.048866428786471745,0.06365109159647969,0.13186528464339042,0.005813969979960104,0.16092401113534757,0.010460790378626567,0.13511761740476666,0.04939202328026881,0.1077147605735859,0.06343576845155338,0.10579155581717181,0.0619824816842883,0.10227991065917615,0.07697078690541764,0.07724724866729138,0.1091954450176025,0.045466732149793854,0.13753663242987682,0.030858280449195922,0.12961231842717796,0.06362970528096643,0.08375907077994188,0.117600230728485,0.033664691204073956,0.16565616897315963,0.004620906591885646,
1311350	0.5824508390192175,0.17827959963109521,-0.660506881717104,-0.18202073006652683,0.5572635850296074,0.09355759640709105,0.0422031599652582,0.06058695881290266,-0.06789709519784165,0.1944558982652571,0.1275543677162151,-0.02381905949546465,0.21806203734690022,0.002071782830336872,0.12066482939555592,0.09967120967191329,0.09453518026997951,0.04752037250914939,0.19771592337408098,-4.7737477593653917E-4,0.19205001570921237,0.03451602657004979,0.17261436548100167,0.0121483395408032,0.18746255517768545,0.02529572471584785,0.12162235086338427,0.08680345272756378,0.09337046109442722,0.08379509998016602,0.11200147574116485,0.07191265661871207,0.11820927288706044,0.07015797727057405,0.11963939397382926,0.07071381493601603,0.11767287099670443,0.07861477167512138,0.10864204215753671,0.08836398563069535,0.10012640051638037,0.09601182575143051,0.09163693151681973,0.10357551618426522,0.08508538825586172,0.10648422577909084,0.0833626324365387,0.10795142528861112,0.0793439579845612,0.11380636020601122,
1311684	0.486001145511712,-0.22315765174229443,0.039835116555753156,0.13522828879461032,0.13829413932800666,0.11256836010155229,-0.00826785754749057,0.1942882901509967,0.09193161520157714,0.021949295558028444,0.11605552889916593,0.1682878913228791,-0.021764344985394556,0.17503737817745132,0.04563432480518588,0.12844088403012183,0.0530872185414086,0.08883098155912957,0.129301200601382,0.05232387721977188,0.11460967702537292,0.10362139312830185,0.06947196430695063,0.09990101379083516,0.11217785246659212,0.04379473192363766,0.14295040837743916,0.05281154400977093,0.11151281443436152,0.081922698619361,0.08428341259035252,0.09652933319052168,0.08009909577788546,0.0971076919290227,0.08186061976389782,0.09488663341945243,0.08465316329737475,0.09281338550974703,0.08638895023036595,0.09375628922476863,0.08367794873775487,0.09722820228488403,0.0797704365829491,0.09834744727450176,0.08183276291330024,0.0940825085921991,0.08825285411309007,0.08893389123866964,0.09197516535684758,0.08748066242696421,
1312424	0.5462160668265369,0.027343995567694505,0.025483193378652957,0.0991081613455206,0.1908021640459564,0.034761246658619294,0.18250691142100411,0.07511420307220057,0.07141537895167756,0.09168947928349305,0.10170379021559736,0.09860267616010517,0.07731046561685814,0.10862988192042713,0.08458881615562602,0.1093397575098462,0.08811974833773398,0.09095729543144643,0.10024586821254117,0.10072655764428459,0.06846921389711103,0.12303060182564753,0.07356328800765057,0.10696139503793324,0.0947756327297814,0.08861558967254206,0.10759515195781108,0.07779255164797098,0.11348342011241856,0.07573801922442447,0.11347150865030972,0.08102127384313143,0.10441085365101105,0.09011261734786825,0.09349178095638623,0.1002872715183879,0.08388968633208783,0.1055426537783797,0.08312129977780487,0.10337327498015596,0.08494201677360919,0.10265577600952322,0.08353759228684442,0.10362008118941754,0.08331851913985923,0.10174728767578863,0.0869333971645723,0.09666775482686658,0.09355379165337954,0.0882681557991981,
1313362	0.49055073294668816,0.20290637087732255,0.1519759100503086,-0.13423716781280856,-0.04776381156727335,0.14758426517074114,0.07645512978253058,0.01714271271187147,0.015250450430240791,0.13093892267421378,0.0429248868393135,0.0469376516316788,0.025960916168741507,0.11926322719200778,0.03832014874545739,3.0029891912748067E-4,0.1946349424968349,0.030978863534443218,0.09403674800154642,0.15447668870538062,0.02029646107207559,0.11674197430875238,0.09594511275239875,0.0764111438751079,0.09997677643309251,0.08817862134031615,0.09654162030699993,0.07895478512495516,0.11394715309422188,0.07288322768649017,0.10955382016897382,0.0845135922884076,0.09225742478677372,0.10247620174566459,0.07307027707755061,0.12315193678718066,0.05804222608918342,0.1326094058037663,0.06268798099455591,0.12253133063557876,0.0745799288082331,0.10896112959050605,0.08822712901690391,0.09337055835684659,0.10406950476790673,0.08256933448780297,0.11076796759779664,0.08066580155739751,0.10803183915430964,0.08686580211800984,
