1045626	0.387256193398997,0.12275833033450562,0.08729319463663471,-0.00529779958757484,0.1498571920648006,0.18191471186391425,0.03534069102299627,0.02680694969558766,0.0668455196885739,0.08558352397863586,0.0804545994705715,0.08713575150155664,0.04690419399814973,0.09867516839381943,0.05654295551205236,0.10050362579112702,0.059261507622128506,0.0745508250000155,0.10959514960197828,0.03707204212206538,0.11510243864797708,0.07767010759168608,0.057641227788503335,0.1093127300809725,0.04866517135834559,0.09904422227867443,0.0754773919729056,0.08145534719723373,0.07382851942327313,0.0971405288366987,0.061102945361797605,0.10274110256153021,0.0624239356197071,0.09751628163903013,0.0687403265507498,0.09164102554799611,0.07528393440750938,0.08497278241427796,0.08312977432791678,0.07796705035126389,0.08923662528534698,0.07424971077119812,0.08989183709923883,0.0786669440298945,0.08061787117877416,0.09207130415651345,0.0654407483685891,0.10699927650811478,0.05374124193903702,0.11132449742724275,
1050248	0.28043553402054444,0.11653513070304707,0.10544535919131223,0.05986857611187552,0.07598933705664977,0.082885127182387,0.08159762724497491,0.09168581071283917,0.08106603766667424,0.07250527252205463,0.08968200655924492,0.07742161773980255,0.08224567726666895,0.08921778209220804,0.06960498093425155,0.09533602130089505,0.07393148866152244,0.08708195429543042,0.08293070721269243,0.07940919116944933,0.09005909363698733,0.0774396831463422,0.08743778097051239,0.08134625608489295,0.08227890798266028,0.08778712382759526,0.07746401247930289,0.08960852862658283,0.08022136900526873,0.08648224412286662,0.08323465907897722,0.08474623085797528,0.08401668275737634,0.08447796426514953,0.0848760059897786,0.08319978923198681,0.08701719379106353,0.08133865440803976,0.08866257849919297,0.08077316486641165,0.0887832523713208,0.08160756826517655,0.08750595687258314,0.0838726461019778,0.08498009441869107,0.08667524332098323,0.08294729734689937,0.088274673897666,0.08238645882146377,0.08814535345953721,
1054480	0.576309787658351,-0.002640148540326827,-0.08771735791001307,0.36251497668710825,0.03735963840544729,-0.15394862498998318,0.26629738429405103,0.10739468403949448,0.0962471754694863,0.14991291988486102,0.1089254595033731,0.007107995652048191,0.10088649507152375,0.25235167792693175,-0.18024801396941126,0.332725863794096,0.10889513070518131,-0.06072653231754386,0.21618740740405834,0.2265260409922339,-0.18182889534084745,0.2615291166205699,0.06104808436240098,0.014872080186352013,0.208069150469193,0.0022102221453221935,0.11216553429727946,0.08375440528940513,0.11192422032010871,0.04033577766403847,0.13746791350619134,0.058669435380801334,0.09136357145846613,0.11023330936676111,0.06449337686677206,0.10555143357699974,0.09670816740443341,0.06497102716801048,0.13019722232317163,0.047395731145533755,0.1359287176776055,0.04431098067072295,0.14426852068341958,0.029406719162407533,0.1617107779019593,0.013332884952218186,0.16516987423991167,0.02824041033788935,0.1194811199449605,0.11168986432935711,
1054703	0.5662414898738306,0.07932131904083756,-0.4289757275034874,-0.1295340937567761,0.20133382505821892,0.2501146390960945,0.020405751500053405,0.08408911248804983,0.14310102253949952,0.022922614628394948,0.02263858224443261,0.1234064272169857,0.10087710356373528,0.08853333587348787,-0.03729807987618978,0.24654154261039246,-0.04298326009298729,0.16980589084348804,-0.03690466842562961,0.2730004210732926,-0.1393530411476756,0.2063015652709759,0.056320773490895454,0.032004381663136815,0.17991996506464122,-0.00885822048454833,0.11732225785357137,0.057891957319182216,0.0971174320326805,0.04508648170944561,0.12342360943224719,0.05606917690892502,0.08602912112226428,0.12195547927873927,0.013506443940611552,0.18389358504462325,-0.02465674168307781,0.17998348481489818,0.014989969196636022,0.12271791644535013,0.0728668707314732,0.08186030049876736,0.09660073486274519,0.0808138260923094,0.08223799097312108,0.1080311941529307,0.060302594460989546,0.12232194747752932,0.06943475341053783,0.09444850064876718,
1056094	0.45996187288442336,0.2132965451679183,-0.09329281962611988,0.09341529169711835,0.19851219134858109,0.12299113668460371,0.1013878416084236,0.05478738601637434,0.15652344812450003,0.148188794891479,0.03270868628862904,0.18185010400779553,0.07292659357022911,0.12622514101240875,0.09107331608721284,0.15232098135535774,0.07108132912389929,0.14327097150179519,0.10795143909116083,0.09531543691540459,0.14231018735334688,0.09898284599544463,0.11790685709127419,0.10303072071682934,0.1332132773908694,0.0790279760743748,0.1424764824591294,0.08523306764026649,0.12529498400753744,0.10209440793973656,0.11065297606865229,0.11378316655363033,0.1038013841356441,0.11771844099802446,0.10091068321357113,0.1181957587462125,0.10074952895414944,0.11560675472741033,0.10255263665942065,0.11288616056253788,0.10256092558489345,0.113812890163992,0.09864747071783658,0.11798369570241264,0.09406633870225516,0.11949730874238931,0.09489113517000268,0.11423615439738409,0.10332079023748618,0.10120516271549472,
1057288	0.4190080702471462,0.006380834967826261,-0.03288879174277348,0.019233102613764964,0.12029897969526755,0.027123385717838993,0.1450895025775286,-0.006250368086126009,0.17293595412075177,0.07434768270028791,0.05963647262282958,0.07077646126374265,0.08763995041477476,0.0685941710351762,0.06218478614811041,0.1196228418633566,0.02965096923166689,0.137975865424449,0.04588772191740223,0.0844669702361437,0.10068849110791855,0.07311945275880598,0.0758377057576716,0.09997902924586252,0.07036619532501139,0.07865423300963048,0.1068797868174202,0.05075548487962885,0.11563502190329214,0.051612781750837486,0.11363113664759446,0.056843673372485116,0.11193845572285167,0.06020916097330717,0.1084275447151656,0.06785923814866376,0.09731551078353035,0.08161035377075891,0.08374309740181542,0.09274716156677915,0.07740662537433245,0.09662478746517786,0.07690709184771877,0.0964474634460995,0.07803358463409392,0.09728544578022189,0.0751637509638551,0.10402116559145748,0.0676235337867401,0.11076971371336714,
1060094	0.24791113090650246,-0.04681014162525396,-0.048385232106378184,0.012585549074976799,-0.06716550383717275,0.1569634679495965,0.12988974047044072,0.06891320328826869,0.0715117702940004,0.08651780773644946,0.10197755229716995,0.03925249320214729,0.09719213966204715,0.07384534680773057,0.07351074179466413,0.07693700446990723,0.08586360454533767,0.07522588412951593,0.07713597614435085,0.0915620807448903,0.06759977090126505,0.08735974768364023,0.07267299739653485,0.0920734658453955,0.06420598672095468,0.09198285933114657,0.0832932820438762,0.06567764696856007,0.10221703386120612,0.06023422871413773,0.09313747225550524,0.07580911346650057,0.08013908362578581,0.08432468768707985,0.07662803172135245,0.08470060281495786,0.07830002608256784,0.08285454377765311,0.07992009072286547,0.08223494546966395,0.07996069096043958,0.08233623842927433,0.0811863890523523,0.0797506489333844,0.08618409404377751,0.07424152113588267,0.09265869065641733,0.06849799708123025,0.09673853085993911,0.06822910818452625,
1060147	0.5405860912934234,0.18382954764731743,0.01154096814036604,0.23175784046797193,-0.021726654873508174,0.1059396944671426,0.23229194376564283,0.04681623977286489,0.15440070188818322,0.08198438368693266,0.08385489828056537,0.18707928060106777,0.049820286419246795,0.138394566512226,0.11892292109731688,0.08791830200447495,0.13626908132244384,0.09608482463641867,0.10284260428532724,0.1373015531028415,0.06512861731133339,0.14198761374524943,0.06703801870335253,0.14945031640722,0.04016520780437494,0.157091858092791,0.06462509672192035,0.10087393559627884,0.11364270478056289,0.06391966347529893,0.12681694930443246,0.06296871786497482,0.12179498195856288,0.07251968682684289,0.10964876588164753,0.08901201748641652,0.09070934109741058,0.10379624247936257,0.0824301977317124,0.1024452431878233,0.0900996267931804,0.09153946254022585,0.09999828033651408,0.08711482959162781,0.09570644167431408,0.10204804997785805,0.07264508143793127,0.12991827167591513,0.04761523767049541,0.14485712818252605,
1073992	0.4779070471595136,0.10558325608751551,-0.06638626172893584,0.24436978638111728,0.05798496119076628,0.18418599158240076,0.0061209363477273265,0.11535698955787602,0.1059264723297623,0.11179580562243793,0.04583175962776876,0.1479051160124082,0.033843927918503686,0.13021425431024247,0.07692734582353453,0.09797974854075701,0.09434903603202267,0.09544317973867293,0.0934164869458027,0.09265792472435437,0.0942637698422959,0.0966553529512764,0.09071821178872999,0.10306216610317201,0.07820431365724614,0.12922061355426984,0.06016679679505385,0.13970431153304508,0.06522318267988131,0.1198825041785466,0.08912963233542959,0.09523159376003683,0.10387863979591971,0.09243615577627813,0.0990361123150743,0.10172052717901912,0.09010705248858446,0.10751357089145555,0.08886584712101057,0.10396060600089348,0.09355019517967728,0.09756846675568838,0.0984319660152169,0.09313212917392867,0.10124178279640267,0.09128188928753816,0.1017622610267774,0.09168770244485232,0.09827423623240895,0.09791471642931958,
1090549	0.49931344328667765,0.03680260316901261,-0.024112500539466595,0.021796131320822712,0.04244439216334356,0.050702645111119216,0.0907645017854633,0.040381019335909124,0.03882399429012667,0.14651843334949738,0.0681144936501936,0.07967867422815048,0.10682834416833817,0.0947566687377827,0.08435524001679337,0.08213219654775236,0.11296761283620496,0.0792822393595685,0.08435493790365205,0.11704611505753901,0.06993442110755915,0.1104068711575596,0.07511605109329107,0.10487000821211363,0.0940114318103738,0.060227544239946924,0.14407615507565527,0.035815546651156834,0.12415936462667629,0.08073887173376307,0.07610469083177224,0.11682579451428202,0.06121228777382576,0.11248011784312813,0.07484176025930604,0.09692746187936853,0.08770770277019088,0.09057123189899889,0.08708169056879929,0.09624610733153814,0.0786205848164798,0.10322793144052406,0.07403210028555324,0.10357825129842974,0.07811051672865285,0.09888478629056016,0.08292224081088005,0.09704231005850845,0.08175023237351824,0.09934175927451722,
1092733	0.5827469614262822,-0.10990587921623637,-0.282011950544173,0.1415946440572601,-0.4715605998410814,-0.0018090000132650547,0.5565366113189907,0.2758776135213854,-0.1640509720629495,-0.0067722728235898805,0.3451197675241352,-0.1392151667888944,0.28052274315726133,0.03462012001857232,0.08888100881462652,0.20437560454508719,0.03981430044297638,0.1285223284305312,0.17007747325339792,0.0026080180531043574,0.1753247247225773,0.0770192240468742,0.10228064767712904,0.09386129427569462,0.13278138652695548,0.04152883140389803,0.14442559175309988,0.06207209408083847,0.11950910350672692,0.0822712280499157,0.10470672179647203,0.09093058026922388,0.10914077409077834,0.07948062476260127,0.11901392187004001,0.07485651913967695,0.1142661695244251,0.08439177912669198,0.10006606844562253,0.09168664122969854,0.09914113841455892,0.08486697095290205,0.11220863517987151,0.07124511684115241,0.12193684694666251,0.06991460119838712,0.11140971091837316,0.08883676465852446,0.08382998059447953,0.11893496296878686,
1094492	0.5514806400583514,0.15730312798823304,0.03289357770418001,0.06194021328276362,0.1784860007459592,0.10327187554521912,0.12860506206274777,-0.008255970877897605,-0.03577335445272773,0.24160581745065846,0.04215050634638346,0.09234239679284077,0.15608932386006713,0.024669133590638062,0.16216366822047046,0.08093102516694019,0.05603185192015422,0.17494149239623216,0.02591884268813335,0.13861906864254894,0.09144747140421612,0.07565405477848569,0.12486609472152387,0.07312322889510428,0.09888222046990001,0.12622628486866122,0.041430895043358056,0.16565337110589076,0.0482039502439913,0.13037355244862264,0.08471166222153653,0.09907011118083436,0.09872091809462502,0.0930148539882312,0.1000879391141198,0.08979779599314693,0.10605742697967144,0.08182432304997116,0.11308727074451518,0.07627626939901071,0.11490557325885922,0.07741423430124028,0.10954039254716713,0.08649524625817899,0.09878283572848949,0.09415969255365769,0.09568133928145646,0.0895480977117456,0.10455775509119597,0.08033214243638921,
1103685	0.5664889100223084,0.1394374912348001,6.767507413446506E-4,0.3184566804264537,0.2180519777289975,-0.10357468187161885,0.1939539151453843,0.1354782344386642,-0.11640796312408848,0.06827548227009261,0.19187415033433852,-0.03198976256338708,0.08048769404948447,0.11069705367725712,-0.001151915112349367,0.18150038382619393,-0.021144804907254747,0.1900442223443383,0.050561560615673615,0.06622435743502246,0.16000504108102845,0.06792781063792569,0.08386114297127997,0.15448999458766183,0.007074891273910873,0.17451728132184186,0.06151753822936128,0.08164807013637572,0.12106127908903093,0.0635702747495081,0.11112548593281651,0.07777545584253302,0.10411393113209773,0.07622205177965745,0.11045933080207306,0.07215029537987612,0.11124517741483647,0.07949971379711321,0.09966949732564721,0.09174126550631209,0.08806943482408233,0.09885013401881422,0.08439717736302373,0.0973332914213418,0.08871875495955632,0.0940957087114042,0.08704222841325808,0.10637072617711335,0.0646973364876722,0.13908912949932195,
1104082	0.3251662453777465,0.17645924868031923,0.1375077470232902,0.14497341633704136,0.05249993134833173,0.07266392780140868,0.1696368637021466,0.0855550447763161,0.10534281251865536,0.06838786352266192,0.09254170113327424,0.07949765207089612,0.10269699508712594,0.08079611530744614,0.09606557755340504,0.08175099002074555,0.09275530239763043,0.08177964782785671,0.09012323596964415,0.08509441721403058,0.08747108676372212,0.08175996072708953,0.09806916231859888,0.06881379386138542,0.11312198256081703,0.06241272551980911,0.09863912257571732,0.08996307866854454,0.0757079444401116,0.10422422950050288,0.07217973240786917,0.10232237965078789,0.07863305960981296,0.09550304823841874,0.08469024637892085,0.09045939065196472,0.08903240131657121,0.08725262096120952,0.09117697127248087,0.08620336529752756,0.09194599299426282,0.08622084450970871,0.0918338334358272,0.08748551411637222,0.09027817381150788,0.08952883750890192,0.08829795460324806,0.09176261888152222,0.08657180598448935,0.09333950792087733,
1105011	0.44011987905359323,0.10263373218548223,0.08092709697525907,0.09759192863242448,0.026519780002607445,0.15741281848393018,0.11896991192903925,0.05125826531241067,0.10500509613072502,0.13682012204164345,0.04159565727000516,0.11006460043358245,0.08874470114550641,0.0685152772046601,0.08744119248969434,0.09694081781911673,0.06734350584111866,0.08890211822695337,0.0912692619486665,0.07688967964670058,0.08583880026619257,0.09370714547281692,0.07703860789948054,0.08352520048465203,0.09561050075038462,0.06576070572448295,0.09985449371150337,0.07474033656796955,0.09271885381085807,0.07955582189791541,0.09195106997437046,0.0790538345815579,0.09227128563588426,0.07941731659115686,0.09218540377250957,0.08039219699115352,0.09221311428003537,0.080630869603596,0.09320411834724111,0.07907541704880706,0.09557279780764405,0.07696316540066664,0.09643944159930645,0.0792487191194075,0.09130138285649524,0.08799555017678042,0.08213644121071943,0.09754852126079262,0.07584148462210809,0.10032049261466083,
1109036	0.5311012946175447,-0.2007175279870725,-0.07033254896201221,0.14108573653759118,0.1572511745398151,0.1475490901979381,0.05293360450173386,-0.06783361816190822,0.13237061832691827,0.34780561877390276,-0.07949595464913721,0.19787120196969438,0.11397734171261348,0.027220009476795353,0.1676719833090175,0.07347041069458075,0.0703714153472219,0.16368807445165268,0.030068842040946217,0.1384191554172976,0.09513841160295108,0.0865335112946459,0.10565563223781803,0.06923424965882677,0.15234472843602676,0.011269119564745377,0.15867354818948032,0.06416668487217093,0.07339860009727824,0.14703464222442594,0.018636584255074102,0.181258061771053,0.01927811563000495,0.16750284051898764,0.03608354497377978,0.1478276487786468,0.05449654094842629,0.12548525569335187,0.07720003741363791,0.10274778950458348,0.09742114886298556,0.08596957364451836,0.10906852643546185,0.08169798916010668,0.10607246904032488,0.0910879808828191,0.09380419312592757,0.10110459052629939,0.089144927103495,0.09661033244685288,
1109871	0.5533293278433827,0.30628921950854127,0.13821168272184933,0.18469410882929232,0.09780656507406178,0.10221022497287789,0.12208845794698066,0.20311328141785875,0.19057231446813036,0.05547668207300211,0.17123253987319118,0.10125153229416102,0.1583939613458751,0.12653815119056486,0.12152536322365472,0.14194336851574904,0.12989842494878262,0.09859367410867186,0.15454670504949997,0.07665745017461419,0.13788613219948556,0.1048743216742839,0.09341747607278614,0.14421475461588154,0.04859624799608788,0.16521758520033264,0.07364413012338343,0.11644724787596329,0.1108143151514559,0.09641674369078117,0.11373115344919264,0.09630574350950147,0.11029661667779633,0.09527334757067817,0.11013504491688818,0.09341328957940576,0.1075542411102564,0.09697058508601324,0.10051283711135534,0.10218480354244935,0.09405980710728967,0.10567259917413387,0.08974891502059192,0.10675507739682402,0.08899834470629235,0.10497912755042009,0.08996903089838432,0.10377489109302332,0.08903966750391225,0.10451981046034244,
1111541	0.5527588720473788,-0.11022590589438781,-0.022378890013261186,0.19813744624838708,-0.011634854693107054,0.2793011489666636,0.11214918585234497,0.13842369994657341,-0.09101948615725637,0.03291811798129503,0.2336698424418381,-0.03461481710229471,0.09550568540930864,0.1450517588334807,0.02292087495732527,0.06813389234367483,0.21083444246913607,-0.08105441480887794,0.2037752294424949,0.07685022595728887,-0.020698085996621873,0.17836786069102084,0.03092562779267822,0.08807359402364959,0.10414047677939128,0.07664387069191254,0.0842813957948743,0.10520563091753424,0.08656045102168314,0.07263837197505957,0.1150157335522885,0.05885973646917832,0.0920803139386457,0.10196346482112105,0.04990629596191445,0.13493997586435375,0.0442169884612475,0.11649207994608159,0.08107216582660436,0.07741770022943667,0.11201247444902457,0.056808823964399346,0.11898465092524328,0.06317271610204608,0.10282774411593258,0.08877981946985282,0.07733313683423493,0.11735392928272176,0.04843508619866894,0.1464701616370855,
1113499	0.5637126972674477,0.807478879922507,0.06969854610312114,0.07357910261592437,0.2726977314102703,0.07860236749245603,-0.035453882276524094,0.3477386798258645,0.11679661444643574,0.13277896703876665,0.07496072927981737,0.21209080118765192,0.12444548162927509,0.12130776298474079,0.150820315465262,0.13904687221741502,0.12451407018362907,0.09092605506729928,0.1856636042909415,0.08424485865964071,0.12520600166859963,0.1426319301367552,0.10109885528483718,0.10023192109486388,0.16792413946528925,0.050125774631769204,0.14026303256901693,0.14685636109927172,0.025664566824306536,0.2326273232364494,0.008587090118876409,0.21693516956004366,0.050279605493082705,0.16759537385059523,0.08632612356395279,0.13332938407563286,0.10558525873231715,0.11429267596172321,0.1136797382335756,0.10096040337109514,0.12085303718189346,0.08735310576462514,0.1287396479941843,0.07951433884913248,0.12527616752556542,0.08648747068757068,0.10965516312849083,0.10171931965139834,0.09116910628086872,0.11637088116713565,
1117856	0.36886408903207085,0.27692790501993153,0.028857394417166386,0.14847848036045305,0.1691125527919152,0.08521715529448605,0.11836556101053022,0.07315840212376824,0.05845414989065374,0.15117137237222275,0.07797682006914838,0.08401780197955447,0.13496612149803527,0.06533117777073029,0.10284540389251137,0.11305705931307364,0.06570448034280518,0.13433387898665808,0.06635364788882946,0.11277252215407652,0.11380676755327723,0.07799328547446775,0.11470669704254163,0.11127251011562737,0.05866784317497101,0.15820716193075382,0.05974140650765891,0.11559180865134136,0.1005164766447447,0.0913428502300736,0.10427275997588845,0.09887258243527502,0.09485052908746612,0.10544423576908764,0.09364070658096138,0.10240191224406124,0.09890009576907503,0.0977511600276454,0.09902618180753435,0.10127733463696836,0.09069769887744714,0.11096776449842571,0.08220424344749892,0.11513077280479184,0.08510407295977153,0.10604056639030805,0.09776133313516935,0.09266448287743007,0.10727020352059052,0.08937703503518558,
1119399	0.4384486681924185,0.12813360255795583,0.05360063765296955,-0.09463552207429955,0.2396428474390711,0.01407833932360085,0.07010175419308257,0.012847377386132768,0.042171499897399684,0.20267132631912382,-0.0014191072553777168,0.13029257090461777,0.09405139872310059,0.036333196382700834,0.12382473484979306,0.057092093043108735,0.055319605183654266,0.1396667670511842,0.018332777243375474,0.13951907371215821,0.0518403040739879,0.10007382127643812,0.08777675309974721,0.06709089117000115,0.12514260074262934,0.04379425695373306,0.12291338177508816,0.07861992275255479,0.08618278063921146,0.09376124034163175,0.08244120221644587,0.09288462203580844,0.08548062544573957,0.0881322690494557,0.08943434135749664,0.08371631338319017,0.09416229170988583,0.08070254739762119,0.09725897170243256,0.07922101927246203,0.1002218640214604,0.07486080545258075,0.10650030384338023,0.06812995271252474,0.11116690851922727,0.06703494135771736,0.10776004741510256,0.07515519041367381,0.09476730343828407,0.09306826297755333,
1120946	0.33585534878331386,0.01381671639321719,0.26338920135711497,0.14014769334152705,0.08976308044489678,0.14740253872628264,0.01615856521653418,0.10752829584945595,0.07609947806451427,0.04565171103432785,0.10016721361956067,0.10657641760795199,0.056142088641557474,0.09673989454045841,0.08399476636177056,0.0871134092480957,0.06886736467971799,0.10160562585669589,0.0834879867334271,0.06455338720085396,0.12096256870734973,0.06432615978292344,0.10193877984568984,0.0803436688135949,0.09518107439215855,0.07419860204250946,0.10455207261007249,0.0709059328862573,0.104651326600396,0.07637345247500932,0.09305468029799585,0.09088930500007389,0.08128256571805312,0.09692046709688286,0.08103413454257634,0.09176106697968771,0.08823777800530902,0.08564283507254934,0.09176388818456928,0.08622071437012864,0.08952172146453549,0.0893010195178099,0.08719740595382068,0.0893484648941015,0.09059908738446991,0.0823308354308341,0.10063264472994937,0.07049017003787762,0.11103834439558238,0.06494841853481491,
1121081	0.5337238101530882,-0.061315664185457065,0.24748237535336512,0.0063499710964943865,-0.008739050083484466,0.05124737768252231,0.2109931401580743,0.03565292053813754,0.15228171273996127,0.006994035907058588,0.11909370864016086,0.06308009780236311,0.14133471100070213,0.024860468106766714,0.12341227517921023,0.09745392976154715,0.04392024178857276,0.16265268761881313,0.03183422644395822,0.10633809460223247,0.11523235426567581,0.05474074387606765,0.11575110873185426,0.10993578918123298,0.0197456240834253,0.2094069404909899,0.025544411219346048,0.1407722472744682,0.09693534876471854,0.09487086818945305,0.09557355025845987,0.11500548121797481,0.06981051094825422,0.12339158045854484,0.07675858870359747,0.09859590324548034,0.10801148136008581,0.0680664797553291,0.1275947216315998,0.06039045485630144,0.12490010525070372,0.07035667722718358,0.1112492038726884,0.08620878347030561,0.0944957454216578,0.09890340588628552,0.08310131847233772,0.10673168023828798,0.07824672312820576,0.11024316477395589,
1121373	0.3045887955326401,0.12317802871656525,0.050088266338182766,0.05969361385963981,0.10685243686056364,0.12973515407530667,0.08117911061741069,0.08800847517930208,0.07274425451551246,0.08302982085441499,0.08921589687128931,0.08632968603589625,0.0831194031962462,0.08157328260673403,0.09167189959764653,0.07865561024973991,0.08410228661762448,0.08446116393362804,0.08811162488183476,0.07597191342853132,0.09220822050136875,0.08310196581301854,0.07703289343239932,0.0971471940415424,0.06411242105839404,0.10266566233431311,0.07690223050485193,0.08643783337495088,0.08579674310851783,0.08474517103374887,0.08303252791041077,0.08790602577639092,0.08111760940463857,0.08864368925590137,0.08163224874815758,0.08779347009914502,0.08299098923899223,0.08625656132760953,0.08469425538666392,0.08460897288342277,0.08619402133206502,0.08357902182712153,0.08698426647726315,0.08380937314335996,0.08628632939198713,0.0855198459938736,0.08425069350514384,0.08791117205316305,0.08230375718557573,0.08916858027827645,
1121554	0.25966976705971034,0.03383470256268157,0.08986993456818804,0.10945844009231694,0.10086452173734163,0.09371860626300844,0.09853769688319011,0.0926043701756389,0.08667117707453713,0.08455917587420518,0.09636918618398911,0.08002098493966854,0.08947308039930277,0.08175236380613932,0.0947801381981782,0.0754143009236295,0.09546382942508683,0.07669385707487986,0.09086566490834051,0.08399658419013951,0.08136143130847168,0.0913635726325102,0.08061861604422138,0.08874620889149987,0.08519485927147812,0.0856541292505139,0.0869735442006185,0.08526790933914101,0.08697475024317691,0.0859835458429465,0.08684035146846551,0.08684519781145514,0.08600239629001831,0.08782166193437786,0.0858386121851329,0.08777370800777395,0.08655222612489682,0.08712500236004787,0.08731263168653589,0.08709356324391676,0.08704590396399257,0.08807422000804199,0.08589534783022217,0.08960477777915984,0.0848742864186252,0.09072312890370524,0.08451467488527328,0.09145969921339504,0.08428619847107136,0.09152418617341175,
1133547	0.3374653974438209,0.12178744406587055,5.114758889285121E-4,0.05039879795434799,0.1721418396180997,0.038514637386004726,0.16406371960265842,0.09834091605712314,0.024981484059758426,0.1073218339215654,0.08061622723024284,0.09658168270285733,0.08638185548064638,0.09060622625524128,0.07351224134833875,0.10575953818481777,0.07863815652218811,0.0753992490195714,0.10999484628459402,0.06501244294599402,0.108790382151574,0.07450663142764469,0.09319217002306232,0.08867800112635367,0.07924777090309161,0.10007608364964735,0.07212939981346808,0.0992047624897493,0.07444238598790354,0.09653761925005566,0.07807268021431839,0.09244682874364603,0.08515255602882549,0.08407111799337352,0.09459082760647029,0.07522540500986466,0.10147637636572694,0.07284007522219116,0.09949362181433147,0.0780961013387867,0.09352661815162232,0.08414413548910435,0.08798413188188522,0.08894424444762475,0.0844362128190578,0.09038785567941059,0.08511616335778037,0.08830036582518477,0.08866861296328103,0.08480709501618282,
1139022	0.441739182589327,0.05262173985793958,0.14090238088725537,0.09602888336286777,0.07220146643094992,0.13235399693637226,0.06284097821580864,0.09856370334963226,0.09593344528410712,0.08278171741228628,0.08936226310089082,0.09245653705678548,0.0797484495480617,0.09722852958130386,0.07825537770297356,0.08380255561572152,0.09434082281597474,0.0715505415790139,0.08768557823953228,0.08543016445709216,0.07667143291357162,0.08476983591657826,0.08388931666314349,0.07833710838197913,0.09132645495574085,0.07325648074571706,0.09407011006296614,0.07646683560158946,0.08596326545260671,0.08536468338944204,0.07967743284293986,0.09105326918284835,0.07941032064495875,0.09003466915822377,0.08271216399241842,0.08650574192792372,0.08609932526832528,0.08428224983510905,0.08758583160030357,0.08403280985551134,0.08802033355658402,0.08374342083710933,0.08936436619987537,0.08235550314288582,0.09142739618923752,0.08100690420411263,0.09289950161695561,0.0805043937950667,0.09354567760965499,0.08216876489893368,
1141046	0.3740690027117919,0.17101067522760002,0.1196587879039132,0.10508085787847253,0.11554702193100706,0.10868227001348779,0.0697157554778995,0.08429028547497575,0.09495667476521429,0.09809744637349006,0.07599319143477473,0.07894841594097368,0.10320099312149598,0.052571776415386545,0.09314715554616433,0.07689947174673431,0.06867937826705307,0.0832698160188338,0.07539442668574248,0.07944083320354499,0.06642074339240879,0.09894976846059013,0.0613642761903341,0.08805499351743983,0.07806683001423308,0.07193511090227253,0.08731751034880512,0.07301386195015389,0.08635715789495675,0.07303263433415993,0.08852195635587808,0.07038693882053873,0.08627880167406948,0.07714400917681893,0.07950482964421968,0.0839165024786898,0.07619038233330502,0.0841734698746886,0.07937949152012076,0.08065090209111697,0.08317944091684537,0.07918224397062842,0.0831409528979304,0.08120088533274093,0.08114641520854195,0.08345011709322696,0.08138868495156278,0.08250870568137147,0.08449746773662245,0.07975442423324205,
1146535	0.5115317505698633,-0.10000644357255324,-0.03188621944118126,0.04782373879156281,0.13392426922575962,0.09744731938302145,0.15928157745133087,-0.005037791504676064,0.10848556411783306,0.12437911624170915,0.01778913457161851,0.1301142576032613,0.08378855675818309,0.0483837795611905,0.1324517551222853,0.05722656753205258,0.08987990741239042,0.09871140819952749,0.052808400352513885,0.1481183807940292,0.02983751888829065,0.1378861669071118,0.059303854493672356,0.10825425384236986,0.08269759498547416,0.09066603784477618,0.08515226565698707,0.10279741630008049,0.07017954065343418,0.1173525848522422,0.07735311456332707,0.09735052664844515,0.1022466313395069,0.07612046660804996,0.11440570632764516,0.07652893550108918,0.1045291823707918,0.09576067854185549,0.0823957742366964,0.11555514579357559,0.06602928812100387,0.12545970453958347,0.062021561335480375,0.12036375158063525,0.07632138020477465,0.10035122267536088,0.09772622237683268,0.08144617525380898,0.11067280507896601,0.07688405286938368,
1149474	0.5629211996443556,-0.394736514746926,0.05540450983356635,-0.05310958708073089,0.12341788315982197,0.045353552058476375,-0.06717353777680768,0.1252107493663751,-0.1773796606715151,0.3395026557751963,-0.2704608775431813,0.25586022724501184,0.015216528184570203,0.1722103815630133,-0.06621373533059753,0.20621811948002156,0.03701083065571356,0.14532080727297456,0.03348190116127726,0.10298194977879518,0.16725629594019537,-0.0208962791593694,0.2178708940066121,0.0423574121849271,0.021281540233218068,0.29026476849892285,-0.10276801360509903,0.2774453797977529,-0.03312550358459867,0.2202308829724462,0.007182393320549565,0.19060699748603055,0.008738904160680839,0.18279310113910344,0.00920813311462369,0.159585077771799,0.0483018164761266,0.10308777344026467,0.1148024460814309,0.03502666674505454,0.18316424973431764,-0.03176195699775287,0.2398058831918471,-0.06601699516310804,0.2351569407217688,-0.03207054851339796,0.17748895577135435,0.03433737962974581,0.112981018110131,0.09717529685752929,
1152639	0.5499020767039896,0.07788714156869904,-0.06166963086304052,-0.2388773276544871,0.25310274431597823,0.08832692265841302,0.05509332444600992,0.24849640128311698,-0.15551727608402174,0.22211080601390498,0.033231083885049896,0.08757700803552247,0.16983389390958964,0.08733779420607789,-0.048683420890487876,0.2597920716222834,-0.04562959330698478,0.09186325158646061,0.03724088174706058,0.1375895563024508,-0.015935507208669316,0.14022203874109404,0.032603565874521484,0.1186011084242365,0.033762785431035856,0.13244621730187886,0.04185377489449012,0.10820280352551756,0.06976284545447524,0.09651196559820653,0.08002239715858318,0.09606678807301886,0.08280734335083037,0.09453202500350434,0.09016532988218762,0.08214628994380968,0.11258280446058383,0.05951787612890616,0.13342610995562404,0.0443579005415026,0.13672151939424285,0.046584389984258304,0.12322569885948395,0.07201452138898347,0.09326263652599875,0.10543045833919452,0.06951160539776585,0.11566594378708851,0.07395698725801525,0.0966185576047089,
1152918	0.45038890471864507,0.09503613574463221,0.2135844860926879,-0.08433183595057937,0.16055709449170744,0.07707093358238568,0.13183082111978345,0.04010702778392106,0.08078793786959784,0.17402518927477703,-0.005710585303696762,0.18508686211529649,0.04635347871725618,0.08259565388429453,0.09800486455365476,0.06329008646566354,0.07952840052269362,0.11324508190003754,0.012500589228093198,0.1761981411729643,0.02622403065891247,0.11605711206495899,0.07314405466212061,0.09533927550897167,0.08450884016308888,0.07780618124587488,0.10163120412948001,0.07675039538045786,0.09252563347234326,0.09257676448321264,0.07264474147467942,0.10650288439192424,0.06849390698913206,0.10212543348327514,0.07608349012080819,0.09378773398634196,0.07948914168271651,0.094417056815306,0.07460377187892761,0.10149103820199308,0.0693795980104968,0.1033757517217258,0.07379937169525441,0.09183192704771283,0.0920304575464771,0.07189281936917927,0.11268615171731126,0.05292173445592715,0.12806009644679475,0.0423493451782785,
1157173	0.545156996358284,0.012988777232539472,0.05683771100340781,0.03280910643798933,-0.01141589116675354,0.10201993525571079,0.12153721207240542,0.16613070032930558,0.13984598048225175,0.09069333896491166,0.1296311595041451,0.07484673039665439,0.1392971055258518,0.11699796360818089,0.060645226847632155,0.16440365908438384,0.09605897910779936,0.04419855634221038,0.20391354451051025,0.040090573468014576,0.14222327324802517,0.10413737530853029,0.12632304030600539,0.013064546869204927,0.2575758768052963,-0.0841462962973259,0.21146200327358408,0.04011430213526862,0.13127100359922678,0.05980092492220935,0.13545643300675617,0.04420093754820409,0.13408158704848405,0.049603748815490956,0.11910785804246912,0.06975282520639967,0.09715807274445641,0.09033944687837382,0.08398308286760968,0.0976650268139702,0.08454597145151872,0.09566765938283328,0.08996523701241385,0.09107572778026339,0.09564307706243547,0.08716694769860055,0.09838147481316838,0.08531027255433522,0.0971311983424783,0.08492236021839761,
1160760	0.529829288582793,0.03423592786880569,-0.520144213939152,0.4832856540765611,0.29597342140370025,0.18799560459341338,-0.07541367961258502,0.22629437586585213,0.026426810576876264,0.13863893189566162,0.20034569811347688,-0.04216715411567013,0.1535765671644823,0.1396536197960828,0.0589776225835389,0.09400333732535243,0.16553249108394907,0.03955801640538653,0.12790970206209146,0.11240466879034158,0.07789397203870288,0.107148868348682,0.10071981878279102,0.10411874356734849,0.0733922961670597,0.1235869124858017,0.08151848615035746,0.09153220923274503,0.11671432925899992,0.06193109852029593,0.12535710550244286,0.07090327498601637,0.10424914990079787,0.0936481145714125,0.08540518679524352,0.10658533207491955,0.08047460271303153,0.10485259802474274,0.086141808029539,0.09874298273435897,0.09030633545617499,0.09528957343805645,0.09342525294441685,0.09112598212231751,0.0982410676339369,0.08783287872076669,0.09950466514676291,0.09081315216534769,0.09108736832335615,0.1040306166519126,
1167927	0.5648872279732775,-0.36018400236124826,-0.02992008760342522,-0.1073092188337755,0.0532446044714932,0.13070574821987863,-0.025673971232689004,-0.3484167779862179,0.14220384194628016,0.31932984188999347,-0.13607318472940422,0.3588315489455076,-0.12535869591373072,0.10180059208888148,0.27430162958836946,-0.18632950374690238,0.2935345662969294,-0.011534938120032085,0.08585715150598083,0.13392676894235173,0.05188677318386885,0.1091156595049365,0.11731179828286326,0.03932377512015073,0.18169125067472103,0.032845123099419865,0.10491926538124828,0.13954950212438494,0.04174512310256311,0.11864710748462523,0.10579181154042992,0.05351741963232251,0.1589173051073422,0.028082134077740892,0.16874905960448394,0.03216341058939131,0.15963569751129067,0.042430715720401906,0.1503427502449908,0.04315181680126245,0.15025092497598438,0.037687167776154974,0.14537052864588307,0.05241531163194478,0.11776891040019961,0.08877112381938403,0.08374039631552507,0.11475219909586588,0.07193556134189374,0.10647266617825143,
1175691	0.3000680623942578,0.1325662269762054,0.09342357975725787,0.07600081852885805,0.09857360900937039,0.09525729656298032,0.09742196903966775,0.09844318931859014,0.08152112098773642,0.10008085974446612,0.09082151001517877,0.09523089681506429,0.09495043084419307,0.09616320490033033,0.09007822023093337,0.09804747970581863,0.094347250257609,0.08842105793061224,0.1007969130370842,0.08933784000698788,0.09732308599166499,0.09438438544416183,0.09352508859341484,0.09653874605712957,0.0916852831055562,0.09697594722229107,0.09398421909868161,0.09301319945829001,0.09745424541864245,0.09001018279532043,0.09858750338710738,0.09067256341289275,0.09757303091395628,0.09220798809548895,0.0960941997636133,0.09341535003499607,0.09460940810249101,0.09451449139171988,0.09399484397899555,0.0947142407255512,0.09436544187689647,0.09374801071808588,0.09545728548413668,0.0924519076475135,0.09650510792068086,0.09211637852872924,0.0967223685353141,0.09221440800335519,0.09644452784072133,0.092754830258812,
1178235	0.1428211766339449,0.0935651893294933,0.09039769332773404,0.09609049746822426,0.09144828492853621,0.10115429183356413,0.10043500105979114,0.09425693069071654,0.1000911467468098,0.08945807514405378,0.09573323400461468,0.09350081122507355,0.09314765380251432,0.09513108234939337,0.09269906136301875,0.09556546247530019,0.09302359314715879,0.09445012661543072,0.09390476268082526,0.09358439311581866,0.09420554056559277,0.09372601734067855,0.09421635276666239,0.09373526240956692,0.09420746447718106,0.0938956289886497,0.0937335665119619,0.09422522098947793,0.09384635153151125,0.09374253953677214,0.09434787912835998,0.09330658887881076,0.09458419523399851,0.0933348667563693,0.09441909731648988,0.0935844120141147,0.09402962048150375,0.09400775279491602,0.09359610514335726,0.09445300357817707,0.09330239672730299,0.09470405030171886,0.0932187025039584,0.09460435206635531,0.09357929547351065,0.09402212233757268,0.09423289933588654,0.09329214837522526,0.0947980277239476,0.09280972224907717,
1181392	0.5227417631929998,0.020419760898668624,0.13709681386195668,0.13366095644686735,0.23170017362241002,0.15392065820174128,-0.05177716585602749,0.11057241006169248,0.07530786275160528,0.1513141603440103,0.14577971342683121,0.05675670048808015,0.14878013451581817,0.09808537232166957,0.09494006479674909,0.13288029989520744,0.08164687273391445,0.1392752643818018,0.0751462844215578,0.12256675693247704,0.10555234614252837,0.09304939443458189,0.11976608046051979,0.0795177806570086,0.12677484392730162,0.07437721459216642,0.12225912870728776,0.07562266776575279,0.12854481956539474,0.07427784912870612,0.1208483074773378,0.09391525968345854,0.09555341541566713,0.11123089764787547,0.07788854178750287,0.11763282301054946,0.07529362643106545,0.11511040649210581,0.0794309738332669,0.11273957836006429,0.07773621934467757,0.11476514682745907,0.07482582621464519,0.1130496069548132,0.08099124980590469,0.10322850820354608,0.09144442131673011,0.09390698685338429,0.09545007881438757,0.09371011238668504,
1182670	0.29737131111110177,0.1111024111639154,0.09889913499399737,0.06112878335177399,0.11182583510664884,0.10035079944191043,0.07445801113835082,0.08316818474625137,0.08970363786029864,0.09796034060577019,0.07537132114557835,0.09740907308344703,0.08399500894186422,0.0848934784151082,0.09102653102688776,0.07827747302639333,0.09296709735117141,0.08532967311085146,0.08443275340733977,0.08790397766645183,0.08508901855954801,0.08773618499446127,0.0842796323465257,0.08966371245227336,0.08415422198009669,0.08663232631557229,0.08847489379936163,0.08456528536872425,0.08915627358547482,0.08569653521801188,0.08779800447759988,0.08699485997964201,0.08729608310743733,0.08741048258348523,0.08717267877159819,0.08817089358091927,0.08631943090790341,0.08983158311541874,0.08540611228872944,0.09082984019315578,0.0851127464304221,0.09064271291596376,0.08580463320333298,0.08914253048581115,0.08792213577010945,0.08708552050097298,0.09002214580527158,0.08596504473022555,0.09051261540398807,0.08651367856841599,
1182765	0.350709646441545,0.13148722422106593,0.08449587205701826,0.05989941590165385,0.056112100811657684,0.11639423855803871,0.08617024002943212,0.08144565754086269,0.0769952638561954,0.05536083303148174,0.09493151272284656,0.059555693808497755,0.09014555311336377,0.0686936508383869,0.08101029269062036,0.07293085352662387,0.08287785891203533,0.07473621635045169,0.07528568829160193,0.08656230617123328,0.06411165898780623,0.08622635717297246,0.07554945846532268,0.07684286093077651,0.07742546418694962,0.0803536739253326,0.07412265377462823,0.07831505287751912,0.07949525545357676,0.07168769442272988,0.08439952060674481,0.0714101229889716,0.0830595773655094,0.07379306808301966,0.08158818100487564,0.07457377703855972,0.08160233612669937,0.07514943111527944,0.0809300720834883,0.07654074213826569,0.0797501530036375,0.07800455425203501,0.07945386972114407,0.07840984242638695,0.08054466578380173,0.07757071972993487,0.08188024056908218,0.07700885560146388,0.08194794400299504,0.0787793316117375,
1185939	0.43526710914373434,0.1788194748624683,0.0916556798465497,0.08191392322054643,0.11406163169732214,0.07262010630864353,0.09960295388966689,0.05744182775605689,0.14811840740469384,0.05719339016688823,0.10598973150055482,0.08725700729503522,0.08416737752869663,0.10780484481975679,0.07501163273153359,0.10476011313051838,0.08794224220327651,0.09586741862221014,0.08718501122279648,0.10590458437895635,0.07804936084638231,0.10919968032043978,0.08135234315701945,0.1081875448809824,0.08333622427903319,0.10079155898203682,0.099607640722257,0.08407788792403824,0.11019143384467754,0.0845588745417001,0.1057638791681302,0.09107166835429843,0.09804059248799953,0.0956957213297237,0.09474949246326529,0.09716250168378526,0.09455941937975408,0.09633970500810175,0.096225590820596,0.0944044709865371,0.09810715118883928,0.09270454608790989,0.09908601835817121,0.0924379113411088,0.09799577787701076,0.09465950572599441,0.09523974549714315,0.09752001698422519,0.09322451475030341,0.09865917699988316,
1192226	0.35623679232474315,0.023702745231846026,0.13837645281860667,0.11118773271395865,0.033508425208579495,0.06656349609444162,0.049891730196243704,0.09980361719652117,0.10614959644535434,0.014218906391442484,0.09057537945094282,0.09143351483498346,0.04498479019675922,0.11367834336797535,0.0604687393164598,0.07596330284220815,0.08041509855594968,0.09050064956526126,0.0561084402897409,0.09362113151545257,0.08829537877975638,0.05711843138388124,0.10393687278952543,0.06870858891716912,0.0809751914083793,0.08860872597965785,0.07220399303743104,0.08202859397988285,0.08596480800287615,0.07869919213691515,0.08337173038799707,0.08416950444181781,0.08020407751386777,0.08127129976244855,0.08994131045710817,0.06906682805593979,0.101332185804537,0.06293361404349462,0.10023296110163084,0.07142891757269866,0.0901880493210649,0.08352886271766766,0.07936357593821101,0.09286257658463042,0.07379630433926113,0.09399877261024088,0.07762611853432777,0.08833339929184583,0.08529562146979415,0.08160506676307425,
1199547	0.5224841226491115,0.6258238776298443,0.407280728839946,0.2568254656738017,0.007860116280670619,0.07217082792341593,0.09429321741933723,0.10273092646738353,0.09348882875082883,-0.0072590448022607215,0.30951568239071,-0.02697924067288897,0.10233633583118264,0.16626486846796398,0.0318712372850281,0.10346994690278663,0.12494281227547374,0.0490969325397763,0.09985372336170661,0.13190019838714323,0.03710465283374342,0.1482520168919453,0.043829975509180746,0.16085459550047143,0.029388353094567683,0.13439586732867992,0.10441083744601125,0.04722588687423745,0.16308595231110606,0.036685714555328236,0.1474966642755307,0.05582249119287449,0.1264704273892482,0.06187344030784851,0.12131414997379823,0.06559711569532566,0.1107511880633992,0.07932783986220293,0.09511676125797895,0.09358635447517481,0.08300916762065576,0.10662019506297175,0.06947655273888069,0.12241768446417384,0.05233424260127085,0.13824710214590272,0.03462648251001366,0.14757750393926314,0.0367456787257929,0.12328512986925241,
1199719	0.4894476853839732,0.11190759837287528,0.07173196409989925,0.039590108389694983,0.08938784514885872,0.12192091720313121,0.07672985961954194,0.14934710833193732,0.07942868482986334,0.11057406244408459,0.04098884483664814,0.17890558200360265,0.05597653988276775,0.11335967398629111,0.09447464170594037,0.08076303883773824,0.09467319127918207,0.08646907153168916,0.08892611053064191,0.08634957853612872,0.07111893900084076,0.10276568899561775,0.07249377368646286,0.08103982433046379,0.10545003861208566,0.05178491629733774,0.1145253844786835,0.057970584988779224,0.10276085153994027,0.062406967403616134,0.10354149192996677,0.06833569627376113,0.09228856693664013,0.08646456991452228,0.0748021078334204,0.09932737244777212,0.06905728111432899,0.09700857667776348,0.07842336517781134,0.08843169245941876,0.08466029023602105,0.08910355141820317,0.07695259769089427,0.10165284644885171,0.06358120568792869,0.11242557570456564,0.06135293781334101,0.1100900133380785,0.07195650650424043,0.09362426597797849,
1204343	0.47333714173453145,0.010370459096901026,0.17284425006619614,0.05964841876891856,0.11015255467308245,0.07963555890478168,0.016790924113400954,0.07296797479861447,0.09704066665893987,0.10292336297677798,0.048718197852814005,0.09542572637617731,0.09435415875005324,0.07749835584040868,0.09049404192483684,0.09028474188386731,0.07195969009735394,0.10570201305080876,0.06724287868336924,0.09299113867327785,0.09341047332637409,0.08025603580019516,0.0882573573773359,0.0982818073764799,0.07058272291839861,0.1109956037439921,0.07112679656746082,0.10579603146635785,0.07872733975494291,0.09728750190513479,0.08691640912590737,0.0897757919758463,0.09157624790609047,0.08891778579670287,0.08940444292502266,0.0948461270970207,0.083710036788994,0.10018283506511098,0.08210952700964792,0.09953130749123708,0.08481299742364927,0.0970343483595574,0.08726267716587308,0.09596498957962928,0.0875745925689657,0.0971169499328717,0.08584383036766033,0.0995269300175673,0.08421151086169029,0.10039392533008182,
1204478	0.3539549214977821,0.09602612823370851,0.08436153254031324,0.07872109189645549,0.09514531674547991,0.15337401568142583,0.10788232943279091,0.06715337503961213,0.08024806187896846,0.11871256343503328,0.10023962369810004,0.054570349152204926,0.12242687267432212,0.0688338798048366,0.07311266239072227,0.11651991978652228,0.056104835164362016,0.09977732688286443,0.07943409939450088,0.0863208614125334,0.09234467799632343,0.08293206602114794,0.08938915116143638,0.09083689575171212,0.08068970986230574,0.09391245697890828,0.08562840045233978,0.09022657888901323,0.08423785664123,0.0975743294704348,0.07530509849066817,0.1023142599097733,0.07556699983687458,0.09884074663354103,0.08090119103669209,0.09398969701683166,0.08515368959578734,0.0912126924410277,0.0866325673423643,0.08999668883560627,0.08848177877645516,0.08690090809670419,0.09362522480024144,0.08142048575351196,0.09894251479895888,0.0790868604589849,0.09833427589876512,0.08332816418359627,0.09114071953202574,0.09327957678035435,
1205162	0.17003233795876424,0.10428701546749256,0.09600288676256132,0.09731414617939042,0.10367732107583981,0.08497922086219396,0.08960861306743081,0.08362703955297277,0.09664954069601883,0.09019303065310572,0.09097153656494283,0.0864620264827268,0.09027538169637342,0.08453309921167387,0.08619319478906491,0.09193744623184108,0.08250428270624147,0.08937486858446307,0.08895818716304511,0.08541840651229513,0.09001958762564677,0.08716248598970638,0.08859157750202191,0.08830704628910913,0.0870180149312099,0.09056342505238554,0.08515927205146899,0.09221202792345426,0.08615853464420514,0.09080481069262145,0.08768744546959259,0.0891633278995273,0.08904370960695193,0.08823488452137872,0.09000405481087279,0.08754793381908314,0.09055226191786227,0.0874030500763544,0.09021778860656583,0.08813746862636085,0.08944556202656005,0.08905983638792123,0.08871479861881941,0.08977519663627541,0.08836644124698509,0.08986290184855086,0.08861785495099293,0.08956389974518128,0.088955527389782,0.08941814053495556,
1207360	0.48264081072902326,-0.04556428254288965,0.00858686971997483,0.1976274823482567,0.12212321650964354,0.21509594467821389,0.07396259567603831,0.10034740166433016,-0.018020579908259098,0.10515451659147351,0.13359894482087617,0.11746273228088318,0.01635053679112529,0.14051826503126252,0.1225061718924903,0.04935535614309897,0.09634948573633674,0.13421617456078666,0.08052046277507169,0.05038465256203076,0.15623373388665474,0.06511752718379174,0.07138106550057134,0.145984026628672,0.025808589132865243,0.1365712383810754,0.07838950831423716,0.08431299336313283,0.10770619862124803,0.08097883942347865,0.10230061259813591,0.0834241144418176,0.10504742549141183,0.07852727316630755,0.10971890739393149,0.07581433615724098,0.10681166844309407,0.08119707226739037,0.09935733471102368,0.08782056176327568,0.09573864041537088,0.09030479493881097,0.09316213869829837,0.09462064153658942,0.08723744855020447,0.10013611429248151,0.08326351171197723,0.09945400672131774,0.08898554909332863,0.08781585793021435,
1209691	0.27517365856756953,0.11472414627938424,0.10776051189417599,0.09392744512486156,0.08884844662948234,0.10090741230502026,0.09007875864275015,0.09130652197831705,0.08234415052083262,0.0889086746382998,0.08837542475390893,0.08889344652492487,0.08523290716627038,0.09051857361577051,0.0831941625894512,0.08918108868278003,0.08807661720623039,0.0834870721629635,0.08983093679649964,0.08867657416956327,0.08360684303281975,0.09068201159645353,0.08675548952146021,0.08760386588315304,0.08773650427016358,0.08928967946001784,0.0855299541392594,0.09116821805896189,0.08603616912029259,0.089401632419391,0.08847856443084723,0.08707185357640403,0.08991069485461248,0.08678886128157205,0.0890965809859923,0.08844319535853427,0.08726371247383839,0.09008017100272588,0.08670489921338342,0.09012634967724863,0.08742651487423558,0.08939436556891155,0.0883145082139327,0.08874791188152602,0.08889342580046412,0.0886386437561707,0.08892236148761375,0.08907038413550972,0.08851547786466307,0.08968166091891581,
1213272	0.532170135925791,0.09355462449138269,0.10509259125744899,0.015360034834097362,0.08233509872906009,0.11699401944438882,0.0576011871382452,0.1003990065958121,0.002199334772356758,0.1973336793112228,0.05851965312463269,0.15168250249595286,0.07193751145607997,0.11176037054595071,0.12283960637923866,0.06609606206106496,0.16257270033557608,0.044717017557822224,0.15894584019485633,0.09105060263376212,0.08943499093194207,0.13344633585313473,0.08944869728288063,0.10261375422922894,0.11130395153020209,0.08896972924060506,0.10589851439714085,0.10219278634478367,0.09284148868690556,0.10656918130812461,0.09085243591214277,0.10879942681541731,0.08704322838437908,0.11110855906732861,0.08449482246097084,0.10984231288878687,0.08814330160339519,0.10387612239164586,0.0934749793116384,0.09968791316528547,0.09323446411618493,0.1014070404776076,0.08839353291445917,0.10598516545939332,0.08386722354010571,0.1082828621761075,0.0818112361444632,0.10903381690756689,0.08096892484239251,0.1077040428258329,
1214631	0.38458004350084624,0.07255176487789515,0.07221872869971847,0.08617658696912173,0.08460590953068013,0.1116824190435359,0.062343956449055014,0.07747576364903078,0.09048125348159598,0.09120902298721863,0.06265572572505582,0.10240018753757892,0.07352625844382688,0.09559478402756989,0.07189353501157489,0.08014991653943523,0.10130200702813433,0.06762796544102337,0.08353708472093896,0.10523577136008862,0.04967303642005491,0.10446595104919632,0.07363261716552323,0.08681044946125344,0.08526120705526627,0.08160569149993077,0.087524056912568,0.08231656255539059,0.08714287783255767,0.08246376230156816,0.08818370645740004,0.08277480816684249,0.08801325685763312,0.08339465345971384,0.08804108010493497,0.08415143479451687,0.08833695377009095,0.08611362589667577,0.08689282442991589,0.08926156185812956,0.08325669233313922,0.09295580665773444,0.07938378890331588,0.09523849588672566,0.07927768408743217,0.09382089777282836,0.0822353628122008,0.09266518324186733,0.08244291423322896,0.09413943042312675,
1216415	0.18365191456077104,0.10077304935481285,0.09243676525026902,0.09603836724024185,0.0935914939975958,0.09714961739031876,0.08779612210209632,0.0868321340382824,0.0992493717803607,0.09184330049521426,0.08485060124774599,0.09302653334208635,0.09047454143814772,0.08860025447675574,0.0914228595785616,0.0898045950766439,0.0880595257253267,0.09512934092093082,0.08375036193153704,0.096635477116745,0.08639712785477462,0.09361092255484285,0.08927803976532585,0.09223160548273353,0.08831460508168862,0.09347706926604421,0.08834803824857053,0.09224606018032133,0.08908778082948422,0.09223238813581354,0.0890007558674627,0.09228543443820497,0.08967571970297403,0.09165697294416861,0.09052686334324031,0.09080838267300613,0.0913982726081736,0.09009187588664325,0.09191886347945125,0.08992937542714988,0.09202309495650583,0.08999875637406211,0.09199521785753567,0.09018936295053157,0.09168618948176406,0.0906840176289456,0.0911704913218313,0.09119412538392077,0.09081908326800278,0.09141127067596379,
1218331	0.5035770776103491,0.07913214525373956,-0.013542386937385176,0.050849205537960705,0.15838063247562967,0.06376245534849027,0.05138405597861132,0.11521161818926863,0.09663561748035182,0.12353332730904706,0.09211474886729994,0.05419792141126649,0.13660571781178116,0.05646406910652385,0.07756567173448199,0.12428557411193128,0.0468795882563776,0.10117637829689943,0.07482789471078288,0.08906081541490408,0.08972410062333257,0.08686346207769427,0.08570059829189021,0.10792103375058949,0.04094709311377182,0.1553424931457132,0.04447612853623653,0.10751717068559438,0.08317914767542946,0.08712007076588411,0.08402906636528117,0.09747142771232929,0.07357031188636612,0.10320631733316461,0.07730712664394855,0.0923543572299158,0.09584293137655503,0.07388365443003088,0.11085166198770399,0.06662560383386114,0.1116391213851461,0.07210552263983155,0.10179798348830055,0.08624281288040536,0.08547080061705903,0.10092798828100272,0.07425497773230152,0.10790788139891294,0.0736612053978113,0.10264086405166063,
1220601	0.14452715880107703,0.10083875522195969,0.10782441133377277,0.09540734369640073,0.108419154522074,0.10176280620836922,0.09016075146906938,0.10040830825520154,0.09470055696045232,0.10006203015271375,0.09586830290983815,0.10050585456692321,0.0950957219121939,0.0983920456530007,0.09595076230356847,0.09948010271229275,0.09385511094011217,0.09861870241983181,0.09698885271932813,0.09579734403882059,0.09823392192358733,0.09570527461547891,0.09856207906954416,0.09475883990745919,0.09949899979365423,0.09584179233576914,0.09700982735190501,0.09789822982429242,0.09589009553910859,0.09712029889342724,0.09735870352933668,0.09613724864103768,0.09765329499717103,0.09661711552158245,0.09664861398053136,0.09768227985916819,0.09572755560855743,0.09803937775302608,0.09596787588053705,0.09738046462052768,0.09677711034718163,0.09652288305944139,0.09757984887372123,0.09586661694963403,0.09805350295002095,0.09573672091894218,0.09806530907256766,0.09574253145388507,0.09808410813654225,0.09575019452443237,
1222508	0.13806866467906367,0.08061729174085931,0.10865950596039353,0.10906598121110556,0.10235933065871239,0.09858753168095097,0.09923628616158148,0.0967178474848592,0.09848708582282384,0.0968761363354476,0.09733393961234912,0.09661893242363462,0.09758490548782338,0.09646698151283552,0.09727380382537806,0.09678106236300359,0.09611453840151671,0.09671664325273274,0.09686661540221764,0.09586553546724158,0.09701815803453026,0.09648873695504556,0.09617048128659379,0.09685721436929685,0.09586500685747872,0.09683400618000501,0.09601162398128252,0.09640805283097383,0.0962032360867815,0.09646329357782563,0.0960798047117027,0.0965290503912201,0.09624485895017253,0.09614770248087223,0.09675612824056336,0.09550756359221131,0.09720337924185836,0.09533702005924938,0.09696505120976469,0.09583083547860026,0.09626448944196285,0.09652522703336336,0.0955433703253968,0.09707533745504132,0.09528875379375475,0.09703733062041738,0.09564312648359535,0.09653568096315136,0.09620014633447378,0.09596117174815816,
1223208	0.5048968066989672,0.03444221776284236,0.3841368855402163,0.035962049017317164,-0.0025946523783562233,0.13232644706024965,-0.011711201451652834,0.03536941435448661,0.0586665403449588,0.10655000394600997,0.0587075218032113,0.051548230202665864,0.08307642084407679,0.07158445464220543,0.03269555295454144,0.13205096299854324,-0.002571236337965871,0.14123164181050854,-0.006364137340510207,0.09665757451749334,0.07308203078153327,0.040682676261694944,0.09889013462170906,0.043374259435933725,0.08620889117798784,0.05968873251700653,0.08636611557388803,0.07605097664007454,0.07071929765632942,0.09362488005547907,0.057070320616561615,0.10128433068248627,0.055694089858295846,0.10325443142481926,0.05683087228645988,0.10658554698634733,0.058523762271943856,0.10530074114985977,0.06865171259905559,0.09256933729040152,0.09135582885710308,0.06457687434659383,0.12831129729143775,0.030781279769153746,0.1546405796378816,0.02411513673532494,0.14884351730595835,0.04125482727379778,0.12452297805152092,0.07296629228706054,
1227641	0.29403076992430666,0.06319932869049244,0.134591163645783,0.12546128880899776,0.12151954834162916,0.11834464106672805,0.09088492647567593,0.09229632674120349,0.11456696617603046,0.08981135820848166,0.09006840717202837,0.0984192049968258,0.08889463071030687,0.08792489935772324,0.0884407763597972,0.08792549537183185,0.08467353236479064,0.08894663505731785,0.0837547882340944,0.08673727914735632,0.09016176385633876,0.0828495159036198,0.0901142438846727,0.0851900897101195,0.0850831918008032,0.09180438263172595,0.08156936806530515,0.0913056217924828,0.08525717795353129,0.08849447023278081,0.08672310130193026,0.08740607501668743,0.08785461302020943,0.0866499692375878,0.08900793889229351,0.08549652222312719,0.08991829290827867,0.08540207251510173,0.08944642815420176,0.08663794162231421,0.0883351886618974,0.08780297060120101,0.08746872451257345,0.0885938703173557,0.08709276066986311,0.08893935250236512,0.0871634062797103,0.0890139385853763,0.08736367552893161,0.08900821289437154,
1229897	0.5775979467413043,-0.05443462641873056,-0.08592482504682857,-0.09237577263908513,0.4329797007773748,-0.14828193103680762,0.19857513653803907,0.0536135901723928,0.36243711226160724,-0.06054639441515484,0.24597329477092145,0.14250858198878527,0.07561381534897048,0.27215397850815365,0.026091586466458618,0.1587075906681421,0.21170925615073616,-0.003388672638681441,0.16858330122927273,0.1821231925487088,-0.03540003656754793,0.20399761227575178,0.08197491280516406,0.08027139152619325,0.16597177887834247,0.0744075503869372,0.1011215915910848,0.15563303818149646,0.036031315927847765,0.17489920385927335,0.050341196806378025,0.1291001442887755,0.1014737769726256,0.07809920893380082,0.1399454619084941,0.05427967555738741,0.14173543909445227,0.07108489445156488,0.11045899622833942,0.10010433755480337,0.08778830416466353,0.10530384273277446,0.09603157807723986,0.08095599946520761,0.12714927642545207,0.054336855001726574,0.14364357326509303,0.05452288971801084,0.12413723511575232,0.09069129937890184,
1230190	0.19159732308146873,0.1355168682466366,0.1278003448129676,0.1060622188825572,0.07315022559242092,0.11266260046242109,0.06714595197754529,0.07867682101589667,0.10509889282959922,0.11402527073697344,0.07687897597608084,0.09707062498604768,0.11073783257416296,0.0695428738608781,0.11512543127153474,0.07896276298521399,0.09200878763468039,0.0868635952372475,0.09666498289669284,0.07704802505536644,0.09869897519102253,0.08116253359462867,0.09299118952873746,0.08377588373371841,0.09108088565499303,0.08964149839608701,0.0749319823671518,0.10579212930138421,0.06550095886811393,0.10242535967572695,0.07623627652493453,0.08997013152838655,0.0873242907219617,0.08196186842198763,0.0914745951144033,0.07966187576039716,0.09117292284287493,0.0817508169298719,0.08771696261118506,0.08588660217144549,0.08359483735806574,0.08965422480389848,0.0804074987375138,0.0915408315710294,0.08020018453886671,0.08997545169963136,0.08289955676862609,0.08771665703589,0.08428937913909879,0.08783031167276313,
1231844	0.45173320510099135,0.15111277696928188,0.0644830720149812,0.07473572521004515,0.11871156813375731,1.2866848190342908E-4,0.18421725443622464,0.1177144100774696,0.01076428869719925,0.14245177878053153,0.06613312101419738,0.17436356308248993,0.03611484121704936,0.14752797226718176,0.1312417757566322,0.038123224980612616,0.17112221112495032,0.08115889002484303,0.09461378230133112,0.13536352996361137,0.08806727893447498,0.09799005971270264,0.14512415886445817,0.04697528951811261,0.16814092919449733,0.049975116366720376,0.11331154236719582,0.10048617424069103,0.09700363838088616,0.0919251953083433,0.11821889349454687,0.0801616432842393,0.12104010015269859,0.08677006428655885,0.10898780303382852,0.10096139006364738,0.09327397202463994,0.11540787868160789,0.0804953311924475,0.12321433054315778,0.07385902578447538,0.1254656727750428,0.07277065822418861,0.12140652735311808,0.07975733322114843,0.11225017340298142,0.0874299170360196,0.10964368361661993,0.08468048755119216,0.1178288162550124,
1231905	0.18168167280456118,0.12669575905187913,0.1422149379155664,0.12225727333120343,0.09675726583397261,0.09649689642762647,0.10323978211806512,0.09124154021402252,0.09084255733213617,0.09750112816734884,0.09944754535323372,0.08722335520363564,0.10482326247280144,0.08700819712074327,0.09514682602298458,0.09964464823200406,0.08509468936906213,0.10262696301500257,0.08399839672795653,0.10024312694892921,0.08830170098235429,0.09655541363330956,0.09337365565030606,0.09285034045616114,0.09367720114667624,0.09358990336599417,0.09213837136641034,0.09458078719661366,0.09243835785805514,0.09338310804791435,0.09471001382525501,0.09233117571198256,0.09414315868698873,0.09361043235128468,0.09220942913269382,0.09526616195524396,0.09125511972058857,0.09540900904054687,0.09179936847366911,0.0947624415475018,0.09214580514120513,0.09467581941189011,0.09190277399314993,0.09482086236104761,0.09193827082746765,0.09433724223454193,0.09274021715674144,0.0932822750931716,0.09378578643566407,0.0923012061290214,
1233663	0.21624183484545031,0.05556078449189082,0.11861929310164121,0.11446662272171264,0.09776073939084327,0.0967139198473287,0.09045857718457141,0.09864985617252164,0.08797673359476797,0.08767172603536406,0.08900621151843384,0.09409633832938398,0.09053491569301386,0.09084803019852598,0.09097758656223681,0.09034760881571649,0.09259972543945161,0.08929453133071169,0.09176832898203358,0.09078600766402554,0.09017951242138827,0.09099217074203257,0.09165211471536665,0.09070246990208487,0.09198331689354809,0.09054761756879696,0.09212343088674936,0.09090564935177932,0.09208440435990539,0.0907280753396659,0.09210719644137051,0.09085970865714173,0.09168685107570118,0.09140610443842655,0.09133823101063887,0.09181825258827028,0.09115501955731366,0.09188033262808609,0.09142084205650275,0.09152069862019735,0.09198707456884792,0.09102100404824201,0.09257840392126154,0.09055169385422754,0.09291942328864326,0.0903882190467182,0.09297567612567184,0.09038393349541039,0.09301431649832334,0.09067266420280644,
1233919	0.5753786884816177,-0.0010794860131079949,0.18965642891051068,-0.06612505210567662,-0.008416211863365504,0.09414689947966634,0.31438286768992574,0.04440803373254115,-0.0021712597640515035,0.1787027933070585,0.0061449627535100785,0.2091097180468431,0.023484007017414175,0.14142259735925278,0.11357245761152185,0.07618349810213497,0.15442880792318023,0.07546095512132972,0.14514261493491454,0.10546346073698605,0.09110233891480869,0.13082723896189488,0.08219154999386086,0.11408946232608073,0.09369385555463079,0.10126554678866283,0.08897803409791795,0.1216399310002316,0.055897952329148126,0.14721923399629708,0.05106119087209412,0.11895847137926333,0.07985699671194162,0.09509060356858977,0.08682333237252485,0.10845912476994286,0.06048976177965094,0.13740160719672606,0.04431142204755542,0.13754929900298482,0.06405996559033121,0.10113103056873515,0.11467152618742572,0.046910951140239354,0.16482769972143405,0.020955631989606142,0.17035925799364207,0.044382121878060066,0.12339632340247572,0.11241423166108015,
1237057	0.19888731100840992,0.10284534014105383,0.08702981879423718,0.09756815967532502,0.1056761244627818,0.08249140546317889,0.09481514213835514,0.09084969746081344,0.08814079460132494,0.10197280603408797,0.08949248297852642,0.09522165752595531,0.08794114231598915,0.09556804925014924,0.09484776751797291,0.08406829363599712,0.10572754609410948,0.08738166151773237,0.0964557234942863,0.09563016393732643,0.08570045966434973,0.10022915016916893,0.0894896986763698,0.0953441277381822,0.09120343264561048,0.09390216437749362,0.09184425204289877,0.09390423056786959,0.09225588697027672,0.09322602095735999,0.09330804693352795,0.09260872473003856,0.09341636673636604,0.09337089336340584,0.0922554229001252,0.09504263775334092,0.09102534894222024,0.09595545828549404,0.09121592774304445,0.09510021339259579,0.09221639810394701,0.09401375234244494,0.09294153901046587,0.09372883040274842,0.09268122420448176,0.09462109592705553,0.09139802277219225,0.09632006405519111,0.08994886252205285,0.09762282796706576,
1238346	0.26775215681115494,0.0536713853210444,0.012788091957063605,0.12351290119469988,0.10305704185519671,0.09929527491803364,0.07669738075551442,0.08345031483795415,0.0688364803078166,0.12246279888502477,0.0822078565374769,0.06947788328899168,0.09981115419543221,0.08691419952734819,0.07323211956585303,0.0995093334761648,0.07849670857365976,0.08267964039195484,0.08760438131314231,0.08185787000800689,0.0859599211535745,0.07806096747120628,0.08968486788981697,0.0755500500631537,0.08961655367421589,0.07742528323533006,0.08319209501906631,0.08221957776250381,0.08521887342653396,0.07834572336790233,0.08616115847942096,0.08236942893197234,0.07907899156081719,0.09005469581263105,0.07330584208712002,0.09184809590896656,0.0760292553656339,0.08564436096404207,0.08424324478989888,0.07893940525770664,0.08897167985060897,0.07790035720996026,0.08724984618922184,0.08295478161215626,0.08066582217420956,0.09000758219362431,0.07508236962097124,0.09432821490785573,0.07417576870885104,0.09272719563988742,
1245485	0.5947196822608629,-0.08248519968992138,0.014719379389343142,0.056784537171416564,0.07266099274217223,0.006408262841401155,0.232530265453992,0.05370163794810503,0.008094571546439236,0.07468059291861888,0.0695800998406941,0.0932696354511038,0.09794289402662586,0.046985296745021866,0.08903932695817957,0.1386209791063617,0.023389364360554173,0.13237766350904948,0.11647839740358733,0.0075999442733200775,0.21208466055130767,0.029072406836042845,0.1422036552398871,0.07663459507067767,0.10061438646567403,0.13266752593526912,0.040531993055676556,0.16551524592249434,0.055077793865483886,0.11502911103113975,0.10249824181208675,0.07635693663052179,0.11953291947112346,0.08226755728015953,0.09742071333866925,0.11448850250260803,0.059428226725752396,0.1445961009637024,0.042754554237318276,0.14937905911221938,0.04880104445348094,0.13999360232734734,0.062142239521240684,0.12219538348195917,0.08045086473484081,0.10502460803809771,0.09085413444733757,0.10090752792051583,0.08972075700351868,0.10421994263799053,
1246515	0.5135094451676153,0.0758603068053984,0.08907217623982518,0.15571409105044307,-0.04988572775119717,0.10079056915870148,0.08019945460531895,0.06375455707462446,0.12967617807839912,0.07252359263522512,0.05973853430334986,0.10254665116210925,0.09169367842265676,0.06192444150903037,0.10718299098717933,0.08064198208973355,0.08065752155394346,0.1005614056216626,0.08823756367583628,0.07897184182557831,0.1073886563388278,0.07992561006525695,0.08862228448760112,0.10119125159479168,0.07505675065762454,0.10518751457068552,0.08160418013586751,0.0920300882262079,0.09529213628772241,0.08642089897275008,0.10029650269788312,0.08617495722644243,0.10098932518144983,0.08619240518880142,0.10103424057428695,0.08570749261094406,0.0999967807240787,0.08690988388069423,0.09786232970141234,0.08873949753858437,0.0971032373233051,0.08838712725443058,0.09828336890381538,0.08757735577509074,0.09856865085940497,0.0887146822537785,0.09797254579241649,0.08816443820074286,0.10050333002542479,0.08483564072607956,
1248603	0.3328190940883116,0.15498497979195824,0.07129610598215774,0.11054451811014397,0.0920257339465905,0.08926821031345447,0.09554192221350158,0.10206897785453929,0.08850105556149572,0.10336965124220217,0.08992374706398854,0.10032245300089658,0.09303599810754608,0.09822237365541298,0.09239887825776157,0.10030685428447648,0.09141321001341456,0.10159544977162988,0.08769928151754472,0.1055222809011052,0.085608619170348,0.10677397890241266,0.08923320148374399,0.10115761689021852,0.09657049474333536,0.09201961229993981,0.10026278538213351,0.0958815114232488,0.09413100204052448,0.10085425099376209,0.09269510279408284,0.09933335766313146,0.09563133725114048,0.0963521565379106,0.09746622673716546,0.09559580621669443,0.09704136914125812,0.09690214264059346,0.09540037624554887,0.09817373939629488,0.0944534153578935,0.09833757433532427,0.09470763732326613,0.09755181402280154,0.09598744059459655,0.09614098638005546,0.09738973054934826,0.09483228142559152,0.09804062082197193,0.09481689264311703,
1253752	0.5344437349901298,0.17676830131940544,0.17390610044798832,0.6031171652137876,-0.06281059289517614,-0.013899020224310603,0.20402940293470234,0.13419433895216554,0.15155603650741645,-0.15427543094445062,0.49261566210851915,-0.10829470156545194,0.10219768376041086,0.24537758250710417,0.019050988129464024,0.1394334291218071,0.11336385424131104,0.15765122333516698,-0.0180623354672839,0.25306289426193884,-0.05673473292462848,0.19206874592188697,0.005160206386176303,0.17887198016684303,0.02048990205299027,0.10301628303830124,0.14900915061029216,-0.001874313470875107,0.18155286592417738,0.03339977777723545,0.13204900230916636,0.07128925890880326,0.11832730381272046,0.05892606991868052,0.1410382177664894,0.03311494910993198,0.15191162265404803,0.03416413099339425,0.1332865829697041,0.05296152332618477,0.11841130205361873,0.06088790260062307,0.11434677688137303,0.06840094561805161,0.10076583758398003,0.09000752363679906,0.07695694781161223,0.11233076641925341,0.06477113811995684,0.11022145886845497,
1259356	0.5243375093100497,0.16087348239987703,-0.03904633510711248,0.07182058743996159,0.06970561499086682,0.04516927170916646,0.18661890251043084,0.01617002185874763,0.2444886647239109,0.08335732525494662,0.11600712485445525,0.0946833437964753,0.1419509762920107,0.08498597616978043,0.12335416409510246,0.11768946371844569,0.07926353242418983,0.15678114923143982,0.054909381575158685,0.13796315566657794,0.09778711999837088,0.10898501678781605,0.10064461246927763,0.12439428510536601,0.07391369634529771,0.13134179868394738,0.10313562193051537,0.10019942857239707,0.11053121573674106,0.11109039703740946,0.0811183921341997,0.1277963108295292,0.07622898515143074,0.11707418351493902,0.09661132705261492,0.09217525673877977,0.11708709796968368,0.08103434412963363,0.11319058756573198,0.09444987333067736,0.09349133518290505,0.11520524524403891,0.07256815930381758,0.13072296171964487,0.06458298377265861,0.13085264301638447,0.06950112678389829,0.12625152569063217,0.07449594043585063,0.12041123852156445,
1260633	0.4441576021179906,0.1844752084463596,0.09232741943698143,0.20818753065530324,0.05574612416919487,0.0477608350415826,0.1265785080206431,0.1574202496488416,0.06501208116524158,0.06676123739779771,0.13269523478330075,0.07705124992659562,0.1321135826829588,0.06539831254815856,0.1267030570247876,0.09577014419117696,0.07475163117273527,0.12703551305606287,0.07736827573956374,0.10205027547706601,0.10279124949053793,0.09558015486360877,0.10613606830551985,0.08041662075185574,0.13210610260986205,0.0650580379146598,0.10788728085093023,0.11394260589820537,0.06483397377236327,0.13350357849702083,0.06296461156259288,0.12455880624932605,0.07122461129671262,0.12384174868229696,0.06593086801647659,0.13202066863064868,0.06367519231300628,0.126362207616537,0.07913719106202016,0.10616545459506753,0.09832803468431496,0.09032865586743212,0.10682948637398622,0.089237288569782,0.09973972383689168,0.10047525021518194,0.08670442046433814,0.11079935247418007,0.08152803131530154,0.1090004819391525,
1261754	0.40934011782265173,0.07500615840124691,0.06047867748408412,0.17519764676467342,0.033137620971516984,0.12422234872446306,0.1479288902995482,0.10328283577339298,0.09761511260310476,0.06896966566915633,0.1113007525980105,0.0824659958628224,0.11547207821735113,0.0717780269680102,0.10579241217112556,0.0976524468748148,0.07590470764124337,0.10913256163665813,0.09874931477863857,0.08787592411206334,0.10068313856082367,0.0970937720413096,0.1034827585259977,0.07407166020146339,0.1445572603052888,0.03713427284235876,0.15189853372813097,0.07325128316251153,0.10465621851601381,0.1084219282413804,0.07783281315059622,0.11782573601381668,0.07767846868342561,0.11151553904534973,0.08784336848334318,0.10109806278474644,0.09838384153171162,0.09311961012161889,0.10361558477440545,0.09096112124127148,0.10384423473732433,0.09240567540236194,0.099962157057702,0.09750749486614453,0.09341200160867452,0.10306370781475106,0.088212690248374,0.10780822638739503,0.08474206484720029,0.1103165574572177,
1262667	0.5957989337903453,-0.14835285030701645,-0.6293543706108949,0.3264913342972469,-0.22564266044567263,0.1393776667935727,0.41279344233743986,0.17554039812274846,-0.2945103503503172,0.2131067606183008,0.09475687603025469,0.06869782035846608,0.10329247848523412,0.08123486155628011,0.08592357820383724,0.17776541610106372,-0.05002533614124113,0.180704866191711,0.023305957074868364,0.048242312465471796,0.09703028616965421,0.16400639610192116,-0.07015744284726814,0.2815760214378821,-0.11566706822652408,0.18294513197862586,0.0767472940747745,0.0324829683933954,0.15526418882791246,0.04544036473013394,0.10948577933104171,0.07610722085974046,0.10693876507707946,0.05834868025798534,0.14274128023675517,0.026495858904753557,0.1646342608637249,0.02665146040847012,0.14449159634000977,0.055709014067494025,0.11460116803705789,0.07950160604966507,0.09697665439572685,0.09325686428076804,0.0861623239543701,0.10035950193952223,0.08265255147605118,0.09587456275674862,0.09623101668561364,0.0737856858055425,
1266303	0.534061947621068,-0.016918313888347653,0.08167488936558304,0.2399041862501635,0.20320389001225578,-0.3134227336821774,0.25672357429028203,0.0502125974013417,0.010006173088493383,0.23464735396151917,-0.029644811157092072,0.10933498017681938,0.09999105248564796,0.0814646008694863,0.024785807628779438,0.1479137879005677,0.09879416247449087,-0.015701108437976435,0.23021501902252198,0.009828803462384099,0.10962559154532871,0.10984415529433458,0.07205781085832969,0.10882227881239832,0.07936635463657171,0.10737189042495773,0.07695550553455323,0.10494689056812605,0.08745981984659565,0.09322721894969876,0.10084887096387637,0.08562604667159876,0.10571666521956202,0.08227870523802325,0.11344071331687043,0.07209260643708373,0.12709201262504474,0.06420576835916228,0.13082042144594955,0.0701597550091534,0.12168700296863362,0.08311685749866571,0.10771334793912493,0.09561309229533235,0.09946144084953008,0.09551261172335719,0.10852623948919915,0.07869816648777339,0.12876444887268024,0.06205282267397782,
1267224	0.5113165628962837,0.12184114782736215,0.05048165136140341,0.08967851753631054,0.2437373401068676,0.12101977820174419,0.0743380684083117,0.14164162746591025,-0.07966414117065355,0.20034960920042638,0.07321545274219547,0.07268671823908651,0.11978836854156526,0.07718917129569786,0.10409822753946242,0.09547643497064015,0.07472284021508288,0.10367334080030938,0.11849974170825674,0.03954420584101095,0.162188030569137,0.07798770408154758,0.08903932077732085,0.14268910423213166,0.0323044128134468,0.15671579650719786,0.06899001410814339,0.10432492142887503,0.11354421277266893,0.06851880618252827,0.14076612180772172,0.057891939318459464,0.13579017577746594,0.07259771966661184,0.11100583024742366,0.09744917115062318,0.08492514316877407,0.11563670143347869,0.07623017090176248,0.11512891540802925,0.08253668559770176,0.10656625802283462,0.09033327689926685,0.09933385667714732,0.095704976407493,0.09395599463708731,0.10045556522007477,0.08680498961252958,0.10672593838640394,0.08148254804955185,
1270405	0.517637325031287,-0.08260127865946985,0.04198047982959875,0.07180107888225767,0.07989661294548793,0.0523661925067916,0.19347979019566527,-0.01243255012141093,0.09689973842966668,0.1233512677196117,0.11315416706470359,-0.04021794400894902,0.1743448563400289,0.07989920387210477,0.005105074139715446,0.17002149446924078,0.05003567863986341,0.049974806597789155,0.1446650738593359,0.04667015016572821,0.10896256292863152,0.0802033149106324,0.09455209022624735,0.08304683417149929,0.0993163070882619,0.09271230586599935,0.08167467976775379,0.11311672964067755,0.06817554375792022,0.12018268852620395,0.07018724289660204,0.10933920270960684,0.0796127799945465,0.09891076392198989,0.0915483591780676,0.08521232694908833,0.10467426161353534,0.07912642352136634,0.1021559311306122,0.09151252077915763,0.08388119903813623,0.11323243360478495,0.062027434689007864,0.12653948534921283,0.06165168420197042,0.11120948929299074,0.08849921661368028,0.08058517520069376,0.11846977340698817,0.05921830648063921,
1272893	0.5543621156626178,-0.09696191063043941,-0.48403141307882613,0.0805991051133628,0.005115527248584445,0.2409765297367815,-0.08543016204485229,-0.13393056223907276,0.26428645882117113,-0.1305293312735228,0.14939545142979443,-0.06576999840332122,-0.0604597085033535,0.08769419857412905,-0.012822948709467928,0.003969552265638969,0.02824464956371768,0.03699354964076614,-0.006555333432220789,0.13480466957064288,-0.09271778376093869,0.13091892311284217,0.01666079786295192,0.05119240624363001,0.13121775647655196,-0.04107397515718759,0.16937131563376173,0.022082432546197163,0.0776170719292306,0.10612273863570104,0.025936656692555335,0.11348255605951299,0.06348932697297895,0.06367723368543497,0.12550855296165464,0.014844412173468265,0.15804158692343262,0.002610345425869556,0.1464049147142062,0.015068964815700584,0.1381334535961642,0.012930666061797576,0.14664338853256592,0.009912431747305134,0.13872900836522045,0.03524346331227818,0.10762589504840771,0.06986519791880595,0.08351091092054796,0.08557745792867144,
1275730	0.5541639206794958,-0.3475663023878175,0.1575507757423352,-0.16570801838468646,0.08790824665957256,0.09174969380115935,-0.005358066168543115,-0.1219396924329921,0.2470090336373164,-0.03946513232976647,0.09611430659510721,0.14739375058031876,-0.10284897842315191,0.26482733905499894,-0.02598191205152873,0.09915361646363015,0.05625915864998279,0.12734892042425267,0.03304835240423317,0.01856318656455414,0.24111015407723108,-0.07857381545557203,0.22141424667415568,0.030072002599844622,0.04870695585828908,0.2132220724705528,-0.05705914116200674,0.19216750828176132,0.049092558523105845,0.08349089600011313,0.14284081797912188,0.03703714678295726,0.15655082171101847,0.05187209133940631,0.13526202197464327,0.06910164031855344,0.1249390681467098,0.06288713873151856,0.1366200636311364,0.035716781982319236,0.16112897072191532,0.005584131454614301,0.17601764837155423,0.007573667108264052,0.14872707241111377,0.05568237066934334,0.09604464734214808,0.11137338269165437,0.047670143086944734,0.1510774905699736,
1275904	0.5733862536504161,0.06341629694919784,0.08871360462818124,-0.36013516485065056,0.6261550707008912,-0.17011546525875404,0.13585685832668468,0.21007985316668532,-0.1482347997203362,-0.16493788170931997,0.15920038324236388,-0.11893504535203796,0.028938791964042906,0.01944247271177179,0.025448392487669433,0.0058286415071041155,0.24691344479577707,-0.3609077000894075,0.5754566669542514,-0.35088753409416273,0.31401903871887304,-0.044633468896852956,0.15282579465365462,0.006419032583122217,0.17659002381082367,0.028357888838432065,0.06951040952045291,0.17946406542960433,-0.03794598853595704,0.22582082074082968,-0.0029949151547887776,0.144271691454393,0.09595492818776877,0.06089718451354814,0.15490310705452917,0.032347296401474074,0.16571293766102513,0.039319006676406025,0.15990935121873576,0.031371189390253455,0.1863113986404203,-0.013156395155756754,0.23509047095419772,-0.044454176486899345,0.23507406370093667,-0.010647284212134797,0.17245648524604443,0.06713795527004718,0.07216460125152198,0.17411008065441394,
1279527	0.5297815180976969,0.6530519991719198,0.5074297304084634,-0.5703620266086991,0.5299679834813625,-0.2544062742733924,0.4580548364148287,0.12188047250410877,-0.28691277025623746,0.2246491257585068,-0.1715648041501225,0.14571794989864434,0.060293371473285125,-0.06577064582557106,0.09325090889399618,-0.0051290907941491755,0.04165738046614746,0.07680886861091005,-0.09957053775625735,0.2397796707412235,-0.158282830206036,0.12547317832681903,0.005155859384734968,0.029587597101126385,0.06138381744837325,0.030981230509215307,0.06444159359834098,0.03961868722954794,0.0789288412514683,0.04323683910365034,0.08412856280733048,0.06680000820153997,0.0649435285307799,0.09333933751092215,0.045575733487163206,0.11439350136226178,0.034506499058927914,0.12363919314194262,0.03565093639938086,0.11861376937128446,0.04591663368712107,0.1044006296564901,0.0696373824520929,0.07801767143314217,0.10222453034743073,0.055760041827035714,0.11761727721308303,0.0577772159870389,0.10083179704700665,0.09524675699370612,
1281002	0.5262087883526748,-0.24646439024231145,0.07210065534765374,0.0062530710729101855,-0.13193683015677984,0.11628787589707633,-0.09165641590629423,-0.024436863365159312,0.1500850241900468,0.08318213695294027,-0.05695803252304353,0.1378560952594571,0.06904708158604887,0.04078723881559273,0.05451269181555922,0.11180099388259655,0.06243888598057991,0.019652552320060263,0.1612549111631517,0.023813537065310017,0.08842288288640084,0.14229617267049005,0.013241188508581688,0.1482972746731438,0.014100543263059803,0.14264076692536795,0.02870195148954672,0.1311768165759431,0.01646968598822465,0.13889087955838447,0.032773780560354154,0.10479698973401455,0.07973170032285468,0.07010485014571857,0.10685519944441957,0.0581061317030813,0.1091888349373356,0.06674412063642461,0.09995703542117161,0.07827003877695614,0.09512729510166375,0.0812583792400525,0.09381667079655544,0.08267253791146408,0.09172601330760437,0.08607364110499773,0.08953678354306976,0.08972473595052116,0.08846035954787462,0.0898241800874034,
1282889	0.39484075843959926,0.14811873769721925,0.1005979731603501,0.050138379314303705,0.08828713334362497,0.07434857613028874,0.10066249551322048,0.06944900948396286,0.1542510404212727,0.06978271441985814,0.11683636091896717,0.07598326008960479,0.11995579087831687,0.08969931776467852,0.09829315004249028,0.10019010292886164,0.10247194485445922,0.09625525028995298,0.08951538692267076,0.11723054392832048,0.07612196357855261,0.11147352583000657,0.09703752214364812,0.09248598030958384,0.10711790241659853,0.08986397102888671,0.09960954290074858,0.10140076445265443,0.08847545576867097,0.10859606765411146,0.08447005148272113,0.10772143722127674,0.08660481656643904,0.10418982309785586,0.09009770412431496,0.10068103203980931,0.09323442358383101,0.09819580452200781,0.09433737862107515,0.09809999785950684,0.09307413997355941,0.09891577913905691,0.09222013899038231,0.09771973374729245,0.09452249054768222,0.09451002346467492,0.0971479190341056,0.09365155206484171,0.09578496191480942,0.09709491882752354,
1285780	0.5880114536221114,-0.049838231802051394,-0.2454385517787671,0.035005860615732576,0.07629436930873071,0.021449762259067598,0.09756624480819938,0.005589452398430919,0.12168168459281137,0.13470946973668768,0.04942558202317692,0.08757968025817293,0.04631255837338039,0.12183324559935899,0.05545578286724895,0.0492000121844383,0.14111096518210783,0.052951033657640145,0.05788053323618673,0.13665827288246357,0.029187075923977686,0.11547667441434804,0.05439863706940027,0.12576778661366567,0.024176088896347116,0.13475043793566766,0.0794767406962101,0.04852599959514092,0.17537220824922223,-0.007113682342757501,0.19032592000644433,0.02348613457251778,0.133348506310744,0.08678180266278855,0.07116766594400391,0.13598118938125972,0.041537973879008004,0.140151149309436,0.06262989635265175,0.10544734618239314,0.10022995031228646,0.06900244000949358,0.1303332534874196,0.051562044754206796,0.1351458738949854,0.06476881177318955,0.11542715081218888,0.0851635557878104,0.09736039210291336,0.09547134746865475,
1286105	0.5496965787317567,-0.05987541093219597,-0.05356729740977062,0.11541186315328722,0.14212003945016607,0.027844294291905592,0.07909439897112175,0.10918910023670257,0.12704427225541284,0.05789354049449366,0.09181830591490552,0.22964154769925235,0.05015034728027534,0.08728544391073784,0.26495240249594376,0.0033253744088573988,0.13680297047582968,0.18448209433419718,0.054199246528962026,0.13476323928047312,0.10766491774586981,0.13516895441968121,0.05803210667005227,0.17878058567490707,0.03383579943548843,0.14090179612050727,0.10899319168308422,0.06906567398647936,0.14267477299705025,0.07689960351801399,0.10734964051356384,0.1178687840380519,0.06188309667513062,0.15093944194524453,0.039208995875860186,0.1571119567526606,0.05263451591551018,0.13253854020553815,0.08216561611186743,0.10708553777697072,0.0981685403935443,0.09386785199060538,0.10523512436978522,0.08575956139013577,0.11107621638777425,0.07886784846559285,0.11638859597404223,0.07130924923792611,0.11863871786934958,0.07254529063033285,
1287259	0.591200376339992,-0.010083028228376175,-0.07486567490345129,0.06648778103457775,0.28005601748153436,-0.12333981403743186,0.2528027611482951,0.04494099134423215,0.29812066582663477,0.09063646426787121,0.15760985221617543,0.18645798783857845,-0.003931309131046301,0.3492957720882471,-0.04286337660467141,0.17711524897767195,0.23987425826037928,-0.0493748558420261,0.2619067052569097,0.09319682609922574,0.08399655750572439,0.1437349038854653,0.1410498192935651,0.03772788044499639,0.21563462380535353,0.015624006531459927,0.1857272641202663,0.062844865474175,0.15542246270431462,0.07323264949779491,0.12972923627239674,0.1009500762559172,0.09347427612118549,0.12526271656679416,0.0741491281279504,0.12756624552380727,0.08289346067107016,0.10656412459363017,0.1032045271396683,0.09002388832919829,0.10232872734533931,0.10067838870995649,0.07914154362460492,0.1260925104855644,0.05784122527948075,0.13664582935573924,0.05667557460251471,0.13009556397947653,0.06629975826747718,0.11811264599101362,
1287278	0.3405995825110521,0.013965501375197158,0.06252815103499482,0.06622251135728713,0.1647562413627956,0.05936331934458863,0.004920627494008146,0.07654019352422686,0.16723379932050025,0.048714698957366465,0.05988439944695802,0.036064452610958586,0.12190629643206669,0.06884620149397827,0.048096266221645936,0.11317371245666732,0.08266536235940992,0.060590546334694455,0.09944887157334585,0.10386381352113004,0.04473934874671788,0.12722545097116217,0.05510192216250358,0.10730567785295714,0.0707504873245113,0.09347167787429073,0.07614895437715362,0.08907545162871654,0.08714412687692406,0.07524753540996441,0.1099033043696994,0.05981062043922991,0.11749680243232834,0.06365510666592034,0.10584806598100995,0.07880904048702006,0.09112775571081413,0.09015665186700056,0.08612210151454167,0.09187588693162779,0.08708369894821219,0.09334657257629717,0.08210029887618249,0.10299541007838747,0.070037937251827,0.1146933639356601,0.061649009180433305,0.12010741764620113,0.061104891460956774,0.11571801012262009,
1294403	0.4543259749948284,0.008562556913425305,0.04090750792797588,0.11924569033600116,0.07128010953457253,0.13966148696865274,0.09518846277234304,0.12300619894942655,0.04740789155183984,0.09293750050371977,0.1125390206610549,0.09066640567922701,0.10515197097916246,0.08037030999611948,0.08942820845012134,0.1091647766900152,0.07579063371393807,0.08018466765786056,0.12753431533978826,0.05309917061962295,0.10067122631866184,0.09960230559001822,0.06734104712951483,0.10353690698831888,0.08368737047292726,0.07946095263545322,0.1037599700250977,0.06849869464365921,0.1027089420606087,0.07348754943172608,0.09758414942472514,0.07961786034616825,0.09134205321123243,0.08593409341487306,0.08590237803149726,0.09186428155957671,0.08043013895713225,0.09668908428113401,0.07720640201730954,0.09881207743279086,0.07619780901955378,0.09962460618633526,0.07678991836779626,0.09832676391693408,0.07983985053123792,0.09587343424402571,0.08093995163528049,0.09827490990071958,0.07584045544010723,0.1044047884953394,
1300545	0.5286067966588522,-0.10094650756849718,0.030769044518356783,-0.22052012980983016,0.4457740194197926,0.15154677722869295,-0.09841357044160139,0.0692113363456401,0.17449345390234056,0.09636314331263716,-0.03168848957874312,0.17978966836145754,-0.01841557822792588,0.14551232110397175,0.017290813153944304,0.12001167223881642,0.05287922000997701,0.06875847948650639,0.07431207888928526,0.06925355589962198,0.05511455218509268,0.11722574261361784,0.02634552702935303,0.14135406397341863,0.01589113101913961,0.09815965336441117,0.11535379757267077,0.005650667341210019,0.1710299726157,-0.0013166859805839484,0.14517422096293245,0.04560011150993312,0.10465399522716162,0.07070249139241318,0.09820386730648512,0.06654886596981968,0.10521408508188439,0.06469828244656958,0.09650922612185268,0.0835313540379943,0.07033347178603662,0.11674973270622865,0.03530223248782685,0.1487505843523265,0.015473484540466393,0.15592438166550143,0.021914124312050302,0.1483746927440343,0.04003715339714218,0.12548444759349073,
1311350	0.5857154536893349,0.1723197296286047,-0.6782274506543204,-0.22162680254902564,0.5365229198833001,0.11805561738656041,0.0366818643339731,0.053620216546883814,-0.053209560007690615,0.17662541963349412,0.12212334691507493,-0.006216008143162602,0.20139736453686855,-0.011020259826224663,0.15872067270873094,0.0538208929774591,0.1297967100109817,0.03227621424092932,0.1931977832579803,0.01951927044201508,0.1634892991218923,0.05579884829399104,0.15364697558905174,0.022988626110013437,0.1904064330335914,0.011261976982197334,0.13548119040765966,0.07982665982334954,0.0920657414977271,0.0899438488954203,0.10244744987294106,0.08161107031496884,0.11056403010254501,0.07547645679763043,0.11695413884641843,0.06917211722188459,0.1224758810401525,0.07039568849619916,0.11771151378087796,0.07985852190892682,0.10776086595523018,0.08892638362937476,0.09942667056021337,0.09272079862660206,0.10036351653960662,0.08500647982109356,0.11418407253750269,0.06821238789323303,0.128662825531039,0.058249041970435386,
1311684	0.48196997023413923,-0.21807344166426568,0.03624437732894526,0.1298293102460806,0.1398917545607504,0.12254585927465146,-0.00568827984430275,0.17870784595129005,0.10926813747660932,0.03185835766285605,0.10555600647949101,0.1692407762903717,-0.019793116692299342,0.18341344216075114,0.0391020574056837,0.12117793994224349,0.07130906871982942,0.07565777487182412,0.13535972700821589,0.04623778764186394,0.11971780614590864,0.09297959024068161,0.07412224169074082,0.10682663888024388,0.09764440382445568,0.05470871771255015,0.1423509804303023,0.04491541128688187,0.12590540779195275,0.06801563537294032,0.09478819841973651,0.0919824275450308,0.07875641598814048,0.09955961218332317,0.08109987243154865,0.09176824648238337,0.09251907276372247,0.08251480905843359,0.09780436826417777,0.0825545677225062,0.09299648838147925,0.08922075739485083,0.08466646388677596,0.09611730630987717,0.08167582997611342,0.09616870258137232,0.08660404078781994,0.08973581001940774,0.09319567391852963,0.08275738565802564,
1312424	0.5471270305751057,0.0234117170264351,0.021804361224880383,0.09156435639042018,0.190059843288815,0.034521773760874834,0.183856026319603,0.07490242876485681,0.07214106432169047,0.08593158104985585,0.10335278155775429,0.09663773343213083,0.07897696967051451,0.1077249351771883,0.08253779550487396,0.11389045849310936,0.0849129170003944,0.08860658894742493,0.10641455739646467,0.09620530618365028,0.0750979920175418,0.12366845040457093,0.07193951139328668,0.10981834831775107,0.08927613158725393,0.09572710631839965,0.10353734457322535,0.07704332039153941,0.11502441984558635,0.07116758352506405,0.1161562472809241,0.07819177609714231,0.10533329019935955,0.09024792797544791,0.09187180969951962,0.101455336609372,0.08371336741304461,0.10421576229815244,0.08607979684023857,0.0993656786166885,0.0900397196837486,0.09743477648848613,0.08833634655789147,0.10086147495585888,0.08383096777942863,0.10390494786860194,0.08365862320012644,0.10139253303923548,0.08956964168668125,0.09231036872024904,
1313362	0.48929602925122595,0.19162469786018685,0.1456114125140498,-0.14411336253685728,-0.04728626499359119,0.15395374263349187,0.07535690328802493,0.020668621044817145,0.011609591810675234,0.12700081769814675,0.042905774455522315,0.058997903926700034,0.023105325582393556,0.12235744780417665,0.0375236528409038,0.012817801829031092,0.18155836758220134,0.045247611924159194,0.08197311865719334,0.15512009721054534,0.00572662927992703,0.13843439507206817,0.07948210534189605,0.08458278204409238,0.0918865613651245,0.094275793331148,0.08424586448750897,0.09018095648378008,0.10308784092418212,0.07577594878500402,0.11065254422473701,0.07935654807817369,0.09602944102731172,0.09989242224276931,0.07210240436505344,0.12548279807407753,0.054697828716912845,0.13548261454997138,0.06035643026403924,0.12343900096080541,0.07320151638735331,0.10946077588191389,0.08427443673558027,0.0987275366517788,0.09405268883388396,0.09292840388731738,0.09810731220937415,0.09377384431682259,0.09373373878297196,0.10233953260278977,
