45626	107559,47808,7940,125599,89321,86642,114271,34314,793,2254,
50248	47808,7940,125599,89321,86642,114271,34314,107559,793,2254,
54480	47808,7940,125599,89321,86642,114271,34314,107559,793,1360,
54703	47808,7940,125599,89321,86642,114271,34314,107559,793,1360,
56094	47808,7940,125599,89321,86642,114271,34314,107559,793,2254,
57288	47808,7940,125599,89321,86642,114271,34314,107559,793,1360,
60094	47808,7940,125599,89321,86642,114271,34314,107559,793,1360,
60147	47808,7940,125599,89321,86642,114271,34314,107559,793,1360,
73992	47808,7940,125599,89321,86642,114271,34314,107559,793,1360,
90549	47808,7940,125599,89321,86642,114271,34314,107559,793,1360,
92733	2858,47808,7940,125599,89321,86642,114271,34314,107559,793,
94492	107559,47808,7940,125599,89321,86642,114271,34314,793,1360,
103685	47808,7940,125599,89321,86642,114271,34314,107559,793,2254,
104082	47808,7940,125599,89321,86642,114271,34314,107559,793,1360,
105011	47808,7940,125599,89321,86642,114271,34314,107559,793,1360,
109036	47808,7940,125599,89321,86642,114271,34314,107559,793,1360,
109871	107559,47808,7940,125599,89321,86642,114271,34314,793,2254,
111541	47808,7940,125599,89321,86642,114271,34314,107559,793,1360,
113499	107559,47808,7940,125599,89321,86642,114271,34314,793,2254,
117856	107559,47808,7940,125599,89321,86642,114271,34314,793,2254,
119399	107559,47808,7940,125599,89321,86642,114271,34314,793,2254,
120946	47808,7940,125599,89321,86642,114271,34314,107559,793,3573,
121081	47808,7940,125599,89321,86642,114271,34314,107559,793,1360,
121373	47808,7940,125599,89321,86642,107559,114271,34314,793,1360,
121554	107559,47808,7940,125599,89321,86642,114271,34314,793,3573,
133547	107559,47808,7940,125599,89321,86642,114271,34314,793,2254,
139022	47808,7940,125599,89321,86642,114271,34314,107559,793,1360,
141046	107559,47808,7940,125599,89321,86642,114271,34314,793,2254,
146535	47808,7940,125599,89321,86642,114271,34314,107559,793,1360,
149474	47808,7940,125599,89321,86642,114271,34314,107559,793,1360,
152639	47808,7940,125599,89321,86642,114271,34314,107559,793,2254,
152918	47808,7940,125599,89321,86642,114271,34314,107559,793,2254,
157173	47808,7940,125599,89321,86642,114271,34314,107559,793,1360,
160760	47808,7940,125599,89321,86642,114271,34314,107559,793,1360,
167927	47808,7940,125599,89321,86642,114271,34314,107559,793,1360,
175691	47808,7940,125599,89321,86642,114271,34314,107559,793,1360,
178235	47808,7940,125599,89321,86642,114271,34314,107559,793,1360,
181392	47808,7940,125599,89321,86642,114271,34314,107559,793,1360,
182670	1206,608,1208,296,2997,2395,1221,858,924,111,
182765	47808,7940,125599,89321,86642,114271,34314,107559,793,2254,
185939	793,47808,7940,125599,89321,86642,114271,34314,1360,107559,
192226	47808,7940,125599,89321,86642,114271,34314,107559,793,1360,
199547	110,105742,139655,109183,142911,116489,5241,7354,2254,3573,
199719	47808,7940,125599,89321,86642,114271,34314,107559,793,1360,
204343	47808,7940,125599,89321,86642,114271,34314,107559,793,1360,
204478	47808,7940,125599,89321,86642,114271,34314,107559,793,1360,
205162	47808,7940,125599,89321,86642,114271,34314,107559,793,1360,
207360	47808,7940,125599,89321,86642,114271,34314,107559,793,1360,
209691	107559,47808,7940,125599,89321,86642,114271,34314,793,2254,
213272	47808,7940,125599,89321,86642,114271,34314,107559,793,1360,
214631	47808,7940,125599,89321,86642,114271,34314,107559,793,1360,
216415	47808,7940,125599,89321,86642,114271,34314,107559,793,2254,
218331	47808,7940,125599,89321,86642,114271,34314,107559,793,1360,
220601	47808,7940,125599,89321,86642,114271,34314,107559,793,1360,
222508	107559,47808,7940,125599,89321,86642,114271,34314,793,1360,
223208	47808,7940,125599,89321,86642,114271,34314,107559,793,1360,
227641	47808,7940,125599,89321,86642,114271,34314,107559,793,1360,
229897	47808,7940,125599,89321,86642,114271,34314,107559,793,2254,
230190	107559,47808,7940,125599,89321,86642,114271,34314,793,2254,
231844	47808,7940,125599,89321,86642,114271,34314,107559,793,1360,
231905	107559,47808,7940,125599,89321,86642,114271,34314,793,2254,
233663	47808,7940,125599,89321,86642,114271,34314,107559,793,1360,
233919	107559,47808,7940,125599,89321,86642,114271,34314,793,1360,
237057	47808,7940,125599,89321,86642,114271,34314,107559,793,3573,
238346	47808,7940,125599,89321,86642,114271,34314,107559,793,1360,
245485	47808,7940,125599,89321,86642,114271,34314,107559,793,1360,
246515	47808,7940,125599,89321,86642,114271,34314,107559,793,1360,
248603	47808,7940,125599,89321,86642,114271,34314,107559,793,1360,
253752	47808,7940,125599,89321,86642,114271,34314,107559,793,6649,
259356	47808,7940,125599,89321,86642,114271,34314,107559,793,1360,
260633	107559,47808,7940,125599,89321,86642,114271,34314,793,3573,
261754	47808,7940,125599,89321,107559,86642,114271,34314,793,1360,
262667	47808,7940,125599,89321,86642,114271,34314,107559,608,793,
266303	47808,7940,125599,89321,86642,114271,34314,107559,793,1360,
267224	107559,47808,7940,125599,89321,86642,114271,34314,793,2254,
270405	47808,7940,125599,89321,86642,114271,34314,107559,793,1360,
272893	47808,7940,125599,89321,86642,114271,34314,107559,793,1360,
275730	47808,7940,125599,89321,86642,114271,34314,793,1360,107559,
275904	47808,7940,125599,89321,86642,114271,34314,107559,793,2254,
279527	4896,5816,107559,47808,125599,89321,7940,86642,114271,34314,
281002	47808,7940,125599,89321,86642,114271,34314,793,107559,1360,
282889	107559,47808,7940,125599,89321,86642,114271,34314,793,3573,
285780	47808,7940,125599,89321,86642,114271,34314,107559,793,1360,
286105	47808,7940,125599,89321,86642,114271,34314,107559,793,1360,
287259	47808,7940,125599,89321,86642,114271,34314,107559,793,1360,
287278	47808,7940,125599,89321,86642,114271,34314,107559,793,1360,
294403	47808,7940,125599,89321,86642,114271,34314,107559,793,1360,
300545	47808,7940,125599,89321,86642,114271,34314,793,107559,1360,
311350	47808,7940,125599,89321,86642,114271,34314,107559,793,2254,
311684	47808,7940,125599,89321,86642,114271,34314,107559,793,1360,
312424	47808,7940,125599,89321,86642,114271,34314,107559,793,1360,
313362	107559,47808,7940,125599,89321,86642,114271,34314,793,2254,




48202	104085,26153,1360,105144,178947,178955,178959,178951,178949,178957,139048,131140,103741,97817,149711,149700,2254,3226,123091,32836,
53357	103741,178947,178957,178955,178959,178951,178949,105144,26153,123091,97817,139966,119874,134423,140046,134427,140006,139978,119615,118995,
56752	106970,123091,105144,178947,178957,178955,178959,178951,178949,32836,162808,103741,97817,139048,131140,129309,26153,160533,159259,161936,
58903	104085,178947,178955,178957,178959,178951,178949,1360,97817,26153,105144,154917,173299,139048,131140,92696,138010,32836,149586,143515,
71493	104085,178947,178955,178957,178959,178951,178949,105144,123091,97817,139048,131140,133837,129309,139966,119874,134423,140046,134427,140006,
72921	106970,105144,104085,139048,131140,149711,149700,123091,162808,178947,178955,178959,178957,178951,178949,97817,32836,154917,146252,160533,
83332	104085,26153,1360,138010,130332,97817,73868,105144,3226,173299,149700,149711,146252,151989,103741,2254,178959,178951,178949,178947,
87356	103741,106970,162808,149711,149700,146252,2254,154917,26153,147839,1360,73868,32836,131932,3226,160533,161936,159259,109576,8402,
109421	105144,104085,178947,178955,178957,178959,178951,178949,26153,123091,133837,97817,103741,32836,139966,119874,134423,140046,134427,140006,
116903	858,135623,160159,6342,5067,77990,133441,120629,8402,131932,157212,50944,98615,103741,99260,50909,144540,106369,72204,117142,
118590	858,1221,7502,103741,8402,149586,1360,131932,26153,135055,117142,144356,118328,140319,144540,106369,72204,50909,3226,135623,
119707	104085,105144,178947,178955,178957,178959,178951,178949,133837,123091,139048,131140,97817,32836,26153,149700,149711,2254,106970,147839,
122190	7153,5952,58559,7502,1360,104085,8402,26153,149586,160159,3226,130332,117142,144356,50909,118328,140319,138010,135623,73868,
123234	1360,104085,154917,26153,149711,149700,2254,105144,130332,160159,73868,3226,149586,50909,103741,138010,160533,161936,159259,151989,
124420	7502,105144,154917,104085,32836,1360,103741,106970,149711,149700,162808,26153,139048,131140,118734,3226,131932,2254,146252,139213,
127345	105144,104085,178947,178955,178957,178959,178951,178949,97817,26153,123091,139048,131140,32836,1360,139966,119874,134423,140046,134427,
128785	104085,105144,178947,178955,178957,178959,178951,178949,97817,123091,139048,131140,26153,139966,119874,134423,140046,134427,140006,139978,
129207	105144,178947,178957,178955,178959,178951,178949,123091,97817,103741,104085,139966,119874,134423,140046,134427,140006,139978,119615,139988,
130004	104085,105144,178947,178955,178957,178959,178951,178949,133837,26153,97817,139048,131140,123091,32836,1360,2254,149700,149711,149790,
134679	2254,104085,133837,149790,162356,110223,149700,149711,40738,3226,147839,135272,139630,177209,53766,105144,131140,139048,150387,98251,
135175	105144,104085,178947,178955,178957,178959,178951,178949,123091,139048,131140,97817,32836,154917,106970,26153,140046,134423,139966,134427,
141225	104085,105144,178947,178955,178957,178959,178951,178949,97817,26153,133837,139048,131140,1360,123091,138010,130332,92696,139978,140046,
142439	103741,1360,26153,106970,135055,123091,173299,162808,129309,32836,97817,143515,76816,151989,178957,178947,178959,178955,178951,178949,
143013	858,103741,1221,2019,1360,77990,26153,8402,106970,135055,91862,173299,115669,32990,99260,180161,104920,143515,95477,144356,
143246	86347,86377,86345,92535,7327,3307,2920,3421,1256,1261,2700,1196,108979,2109,1982,2019,6104,260,3552,720,
144095	106970,123091,178947,178957,178955,178959,178951,178949,105144,97817,139966,119874,134423,140046,134427,140006,139978,119615,118995,139988,
146170	104085,178947,178957,178955,178959,178951,106970,178949,97817,105144,123091,139048,131140,26153,32836,138010,160533,159259,161936,129309,
146181	327,178947,178955,178957,178959,178951,178949,104085,133837,105144,123091,3477,97817,139048,131140,32836,139966,119874,134423,140046,
147057	105144,106970,103741,123091,32836,154917,178957,178947,178959,178955,178951,178949,97817,107477,139966,119874,134423,140046,134427,140006,
147249	104085,1360,26153,3226,50944,131932,73868,138010,160159,98615,182875,110897,146252,2254,170283,149700,149711,151989,177325,50909,
152144	178947,178957,178955,178959,178951,178949,123091,105144,97817,103741,106970,26153,104085,129309,32836,139966,119874,134423,140046,134427,
153736	104085,105144,178955,178947,178959,178957,178951,178949,133837,2254,139048,131140,97817,26153,149790,149700,149711,32836,147839,138010,
155009	720,103741,26153,97817,86347,86377,1360,123091,178947,178957,178955,178959,178951,178949,129309,173299,143515,139966,119874,134423,
159445	106970,105144,32836,123091,104085,178947,178955,178957,178959,178951,178949,139048,131140,162808,154917,97817,146252,149711,149700,133837,
160393	104085,105144,178947,178955,178957,178959,178951,178949,123091,133837,154917,139048,131140,32836,26153,103741,97817,2254,159259,161936,
162043	105144,178947,178955,178957,178959,178951,178949,104085,123091,97817,154917,139048,131140,106970,26153,32836,134423,139966,119874,140046,
164818	103741,106970,105144,123091,26153,97817,1360,178947,178957,178955,178959,178951,178949,129309,92696,162808,139966,119874,134423,140046,
166174	104085,105144,26153,178947,178955,178957,178959,178951,178949,103741,97817,1360,32836,123091,146252,106970,139048,131140,162808,151989,
168441	104085,178947,178955,178957,178959,178951,178949,97817,123091,105144,26153,133837,139048,131140,1360,129309,139966,119874,134423,140046,
177022	1360,26153,103741,104085,173299,178947,178957,178955,97817,178959,178951,178949,123091,135055,129309,143515,151989,139966,119874,134423,
185759	104085,26153,1360,103741,105144,178947,178955,178957,178959,178951,178949,97817,123091,32836,135055,139048,131140,129309,151989,92696,
188242	104085,105144,178947,178955,178957,178959,178951,178949,133837,97817,26153,139048,131140,123091,32836,138010,1360,2254,149700,149711,
192430	105144,104085,26153,103741,123091,178947,178955,178957,178959,178951,178949,97817,139048,131140,106970,154917,32836,160533,159259,161936,
192964	104085,105144,178947,178955,178957,178959,178951,178949,26153,97817,123091,103741,32836,139048,131140,133837,106970,129309,139966,119874,
195928	104085,133837,178955,178947,178959,178951,178957,178949,177209,173299,130332,2254,97817,26153,110223,138010,149790,3226,1360,162356,
202307	106970,123091,105144,162808,178947,178955,178957,178959,32836,178951,178949,139048,131140,104085,97817,103741,154917,149711,149700,26153,
205987	105144,104085,123091,178947,178955,178957,178959,178951,178949,106970,97817,139048,131140,32836,162808,26153,154917,129309,103741,160533,
207197	105144,104085,178947,178955,178957,178959,178951,178949,97817,123091,139048,131140,26153,133837,32836,129309,139966,119874,134423,140046,
207282	105144,104085,178947,178955,178957,178959,178951,178949,123091,97817,26153,32836,139048,131140,103741,106970,139966,119874,134423,140046,
208533	105144,104085,178947,178957,178955,178959,178951,178949,123091,97817,106970,139048,131140,26153,32836,154917,129309,103741,139966,119874,
210924	103741,106970,105144,123091,26153,154917,97817,160533,162808,159259,161936,1360,129309,143515,178957,178947,178959,178951,178949,178955,
212357	104085,105144,178947,178955,178957,178959,178951,178949,133837,139048,131140,2254,26153,97817,123091,32836,149700,149711,146252,149790,
212794	106970,105144,123091,154917,178947,178957,178955,178959,178951,178949,97817,103741,162808,32836,139048,131140,129309,107477,139966,119874,
214919	104085,105144,178947,178955,178957,178959,178951,178949,97817,123091,26153,139048,131140,1360,133837,154917,129309,139966,119874,32836,
215177	88125,2254,104085,149700,133837,149711,147839,139048,131140,146252,149790,105144,145100,109576,81834,40738,3226,178955,178949,178951,
215678	105144,104085,178947,178955,178957,178959,178951,178949,139048,131140,97817,26153,123091,32836,154917,1360,149711,149700,103741,133837,
216092	105144,104085,178947,178957,178955,178959,178951,178949,123091,26153,97817,103741,1360,129309,106970,32836,139966,119874,134423,140046,
216511	104085,2254,133837,109576,123091,26153,149700,149711,146252,1360,73868,162808,147839,138010,97817,3226,178955,178959,178951,178949,
216699	105144,104085,178947,178955,178957,178959,178951,178949,123091,139048,131140,32836,97817,106970,26153,154917,133837,149711,149700,162808,
218404	103741,26153,8402,1360,173299,135055,149586,97817,138010,104085,130332,60436,143515,180161,151989,105144,77990,178947,178959,178957,
221032	105144,104085,178947,178955,178957,178959,178951,178949,32836,123091,106970,97817,139048,131140,133837,26153,146252,162808,129309,154917,
231290	104085,105144,178947,178955,178957,178959,178951,178949,97817,123091,26153,139048,131140,133837,32836,139966,119874,134423,140046,134427,
233187	103741,162808,1360,106970,149711,149700,26153,154917,109576,174625,123091,160533,146252,161936,159259,91862,73868,131932,151989,173299,
235390	1211,1464,1199,1884,2021,103741,178947,178957,178955,178959,178951,178949,26153,105144,1360,97817,123091,139966,119874,134423,
236772	720,104085,178947,178957,178955,178959,178951,178949,97817,123091,26153,105144,173299,129309,139966,119874,134423,140046,134427,140006,
236804	104085,105144,178947,178955,178957,178959,178951,178949,97817,26153,139048,131140,32836,123091,133837,139978,140046,134427,140006,139966,
242831	104085,106970,105144,123091,97817,178957,178947,178959,178955,178951,178949,26153,162808,32836,1360,143515,129309,154917,109576,160533,
243984	104085,133837,178955,178947,178959,178951,178949,178957,26153,105144,2254,149700,149711,139048,131140,97817,146252,147839,1360,32836,
245257	104085,105144,178947,178957,178955,178959,178951,178949,97817,26153,123091,139048,131140,32836,1360,133837,154917,138010,106970,129309,
249423	104085,105144,178947,178955,178957,178959,178951,178949,97817,133837,123091,139048,131140,26153,32836,139978,139966,134423,119874,140046,
251972	104085,133837,178947,178955,178957,178959,178951,178949,97817,109576,1360,105144,123091,26153,177209,146329,2254,138400,139048,131140,
255169	105144,104085,178947,178955,178957,178959,178951,178949,26153,97817,123091,139048,131140,32836,1360,103741,154917,106970,138010,129309,
256490	104085,178947,178955,178957,178959,178951,178949,133837,26153,105144,97817,32836,139966,134423,134433,119874,139988,139978,140046,134427,
257035	105144,106970,123091,178947,178957,178955,178959,178951,178949,139048,131140,32836,104085,154917,97817,129309,160533,159259,161936,162808,
258607	104085,105144,178947,178955,178957,178959,178951,178949,97817,123091,26153,139048,131140,133837,32836,139966,119874,134423,140046,134427,
258891	104085,26153,1360,178947,178955,178957,178959,178951,178949,133837,105144,3226,97817,151989,138010,135055,149570,110223,130332,2254,
262618	104085,178947,178955,178957,178959,178951,178949,105144,26153,97817,1360,103741,123091,32836,139048,131140,129309,134423,139966,139978,
267433	104085,105144,26153,1360,97817,178947,178957,178955,178959,178951,178949,130332,123091,151989,103741,143515,73868,138010,154917,177209,
268031	105144,104085,178947,178955,178957,178959,178951,178949,123091,97817,26153,103741,32836,1360,139048,131140,106970,129309,154917,139966,
268451	106970,103741,105144,123091,178947,178955,178957,178959,178951,178949,32836,26153,104085,97817,139048,162808,131140,1360,154917,129309,
270066	178947,178955,178957,178959,178951,178949,105144,104085,123091,139048,131140,97817,32836,106970,133837,139966,119874,134423,140046,139978,
270534	104085,133837,178955,178947,178957,178959,178951,178949,105144,97817,123091,2254,139048,131140,149700,149711,32836,146252,26153,147839,
271567	105144,104085,178947,178955,178957,178959,178951,178949,123091,97817,139048,131140,32836,26153,133837,106970,154917,129309,159259,160533,
272799	104085,105144,178947,178955,178957,178959,178951,178949,26153,97817,123091,139048,131140,1360,103741,32836,129309,159259,161936,160533,
275869	123091,105144,106970,178947,178957,178955,178959,178951,178949,104085,97817,26153,32836,103741,162808,129309,139966,119874,134423,140046,
276205	105144,106970,154917,32836,162808,123091,26153,104085,146252,97817,103741,178947,178955,178957,178959,178951,178949,149711,149700,139048,
276421	370,3868,3869,72407,2657,78772,3608,98203,585,1974,105144,19,839,1405,123091,2926,139048,131140,178947,178955,
281365	105144,123091,104085,178947,178955,178957,178959,178951,178949,106970,97817,139048,131140,26153,154917,32836,103741,162808,160533,159259,
283809	104085,105144,178947,178955,178957,178959,178951,178949,123091,97817,32836,139048,26153,131140,133837,106970,154917,129309,146252,159259,
287620	104085,105144,178947,178955,178957,178959,178951,178949,133837,97817,139048,131140,123091,26153,32836,139978,140046,134433,134427,140006,
295586	104085,105144,178947,178955,178957,178959,178951,178949,133837,123091,97817,139048,131140,32836,26153,139966,119874,140046,134423,134427,
298353	103741,26153,1360,178947,178955,178957,178959,178951,178949,135055,146329,104085,173299,106397,97817,151989,50944,78701,180045,129309,
303301	104085,105144,178955,178947,178957,178959,178951,178949,139048,131140,133837,97817,2254,149711,149700,149790,110223,150387,98251,177209,
304833	104085,26153,1360,138010,97817,130332,178959,178947,178951,178949,178957,178955,105144,133837,73868,151989,3226,123091,146252,143515,
305504	104085,105144,26153,178947,178955,178957,178959,178951,178949,133837,97817,1360,138010,139048,131140,32836,3226,123091,2254,149790,
307211	104085,133837,178947,178955,178957,178959,178951,178949,97817,105144,139048,131140,123091,134433,139988,134423,139978,139966,119874,140046,
310012	178947,178955,178957,178959,178951,178949,104085,105144,133837,123091,139048,131140,97817,106970,32836,154917,159259,160533,161936,129309,
312141	105144,178947,178955,178957,178959,178951,178949,104085,97817,123091,32836,139048,131140,26153,133837,106970,139966,119874,134423,140046,
317776	104085,178947,178955,178957,178959,178951,178949,123091,97817,133837,105144,139048,131140,26153,129309,159259,160533,161936,106970,32836,




48202	104085,26153,1360,178955,178959,178947,178951,178957,178949,105144,131140,139048,103741,97817,149711,149700,2254,3226,154917,123091,
53357	103741,178947,178951,178949,178955,178957,178959,105144,123091,26153,97817,106970,140006,143791,139974,119844,134433,134427,139994,139988,
56752	106970,123091,105144,178947,178955,178951,178949,178957,178959,32836,162808,103741,97817,131140,139048,129309,26153,161936,159259,160533,
58903	104085,1360,178955,178947,178951,178949,178957,178959,97817,26153,105144,154917,173299,92696,138010,131140,139048,149586,32836,143515,
71493	104085,178947,178955,178951,178949,178957,178959,105144,123091,97817,131140,139048,133837,129309,140006,143791,139974,119844,134433,139988,
72921	105144,106970,104085,131140,139048,149711,149700,123091,178955,178947,178951,178959,178957,178949,162808,97817,32836,154917,146252,161936,
83332	104085,26153,1360,138010,97817,173299,130332,73868,105144,3226,149711,149700,146252,178959,178955,178957,178949,178951,178947,151989,
87356	103741,162808,106970,149711,149700,146252,2254,154917,147839,26153,1360,73868,131932,32836,160533,159259,161936,3226,109576,8402,
109421	105144,104085,178947,178955,178951,178949,178957,178959,26153,123091,133837,97817,103741,32836,140006,143791,139974,119844,134433,134427,
116903	858,135623,160159,6342,77990,5067,133441,120629,8402,131932,50944,157212,98615,103741,50909,99260,117142,118328,140319,144356,
118590	858,1221,7502,103741,8402,149586,131932,1360,26153,106369,72204,135055,144540,50909,117142,118328,140319,144356,135623,3226,
119707	104085,105144,178955,178947,178951,178949,178957,178959,133837,123091,131140,139048,97817,32836,26153,149711,149700,2254,106970,147839,
122190	7153,5952,58559,1360,104085,7502,720,8402,149586,26153,3226,160159,745,130332,50909,117142,118328,140319,144356,73868,
123234	1360,104085,154917,26153,149711,149700,2254,105144,73868,130332,160159,3226,50909,149586,160533,159259,138010,161936,103741,109576,
124420	7502,105144,154917,104085,32836,1360,103741,106970,149700,149711,162808,131140,139048,26153,3226,118734,2254,146252,131932,135055,
127345	105144,104085,178955,178947,178951,178949,178957,178959,97817,26153,123091,131140,139048,1360,32836,140006,143791,139974,119844,134433,
128785	104085,105144,178947,178955,178951,178949,178957,178959,97817,123091,131140,139048,26153,140006,143791,139974,119844,134433,134427,139994,
129207	105144,123091,178947,178951,178955,178949,178957,178959,97817,103741,104085,140006,143791,139974,119844,134433,134427,139994,139988,139966,
130004	104085,105144,178955,178947,178951,178949,178957,178959,133837,26153,97817,131140,139048,123091,32836,1360,2254,149711,149700,149790,
134679	2254,104085,133837,149790,162356,110223,40738,3226,147839,149700,149711,139630,135272,177209,53766,105144,150387,107447,141886,98251,
135175	105144,104085,178947,178955,178951,178949,178957,178959,123091,131140,139048,97817,32836,154917,26153,106970,140006,143791,139974,119844,
141225	104085,105144,178955,178947,178951,178949,178957,178959,97817,26153,133837,131140,139048,1360,123091,138010,130332,92696,2254,139994,
142439	103741,1360,26153,106970,135055,123091,173299,162808,129309,32836,143515,97817,151989,76816,178957,178949,178951,178947,178955,178959,
143013	858,1221,103741,2019,1360,77990,106970,8402,26153,135055,91862,173299,115669,750,99260,32990,180161,104920,95477,143515,
143246	86347,86377,86345,92535,7327,3307,2700,1256,2920,1261,108979,1196,3421,2109,2019,1982,260,6104,720,1251,
144095	106970,123091,178947,178951,178955,178949,178957,178959,105144,97817,140006,143791,139974,119844,134433,134427,139994,139988,139966,140046,
146170	104085,178947,178951,178955,178949,178957,178959,106970,105144,97817,123091,131140,139048,26153,32836,138010,161936,159259,160533,129309,
146181	327,178955,178947,178951,178949,178957,178959,104085,105144,133837,3477,123091,97817,131140,139048,32836,140006,143791,139974,119844,
147057	105144,106970,103741,123091,32836,178947,178951,154917,178949,178955,178957,178959,97817,107477,140006,143791,139974,119844,134433,134427,
147249	104085,1360,26153,3226,73868,131932,50944,138010,160159,98615,182875,110897,146252,170283,151989,2254,149700,149711,177325,77208,
152144	178947,178951,178955,178949,178957,123091,178959,105144,97817,103741,106970,26153,104085,129309,32836,140006,143791,139974,119844,134433,
153736	104085,105144,178955,178947,178951,178949,178959,178957,133837,2254,131140,139048,97817,26153,149790,149700,149711,32836,147839,138010,
155009	720,103741,26153,97817,1360,123091,178947,178951,178949,178955,178957,178959,129309,173299,143515,140006,143791,139974,119844,134433,
159445	106970,105144,32836,123091,178955,178947,178951,178949,178957,178959,104085,131140,139048,162808,154917,97817,146252,149711,149700,133837,
160393	104085,105144,178955,178947,178951,178949,178957,178959,123091,133837,154917,131140,139048,32836,26153,103741,97817,2254,161936,159259,
162043	105144,178947,178955,178951,178949,178957,178959,104085,123091,97817,154917,131140,139048,106970,26153,32836,140006,143791,139974,119844,
164818	103741,106970,105144,123091,26153,97817,1360,178947,178951,178949,178955,178957,178959,129309,92696,162808,140006,143791,139974,119844,
166174	104085,105144,26153,178955,178947,178951,178949,178957,178959,103741,1360,97817,32836,123091,146252,131140,139048,106970,151989,147839,
168441	104085,178947,178955,178951,178949,178957,178959,97817,123091,105144,26153,133837,131140,139048,129309,1360,140006,143791,139974,119844,
177022	1360,26153,103741,104085,97817,178947,178951,178949,178955,178957,178959,173299,123091,135055,129309,143515,151989,140006,143791,139974,
185759	104085,26153,103741,1360,105144,178955,178947,178951,178949,178957,178959,97817,123091,32836,135055,131140,139048,129309,151989,92696,
188242	104085,105144,178955,178947,178951,178949,178957,178959,133837,97817,26153,131140,139048,123091,32836,138010,1360,2254,149711,149700,
192430	105144,104085,26153,103741,178955,178947,178951,178949,178957,178959,123091,97817,131140,139048,106970,154917,32836,159259,161936,160533,
192964	104085,105144,178947,178955,178951,178949,178957,178959,26153,97817,123091,103741,32836,131140,139048,133837,106970,129309,140006,143791,
195928	104085,133837,178955,178947,178951,178949,178959,178957,177209,173299,2254,130332,26153,97817,110223,138010,149790,3226,1360,162356,
202307	106970,123091,105144,162808,178955,178947,178951,178949,178957,178959,32836,131140,139048,97817,104085,154917,103741,149711,149700,26153,
205987	105144,104085,123091,178947,178955,178951,178949,178957,178959,106970,97817,131140,139048,32836,26153,154917,162808,129309,103741,161936,
207197	105144,104085,178955,178947,178951,178949,178957,178959,97817,123091,131140,139048,26153,133837,32836,129309,154917,140006,143791,139974,
207282	105144,104085,178955,178947,178951,178949,178957,178959,123091,97817,26153,131140,32836,139048,103741,106970,140006,143791,139974,119844,
208533	105144,104085,178947,178955,178951,178949,178957,178959,123091,97817,106970,131140,139048,26153,32836,154917,129309,103741,140006,143791,
210924	103741,106970,105144,123091,26153,154917,97817,162808,160533,159259,161936,1360,143515,129309,92696,178947,178951,178949,178957,178955,
212357	104085,105144,178955,178947,178951,178949,178959,178957,133837,131140,139048,2254,26153,97817,123091,32836,149711,149700,147839,146252,
212794	106970,105144,123091,154917,178947,178951,178949,178955,178957,178959,97817,103741,162808,32836,131140,139048,129309,107477,161936,140006,
214919	104085,105144,178955,178947,178951,178949,178957,178959,97817,123091,26153,131140,139048,1360,133837,154917,129309,140006,143791,139974,
215177	88125,2254,104085,149711,149700,133837,147839,131140,139048,146252,149790,105144,145100,109576,40738,3226,178959,178955,178957,178951,
215678	105144,104085,178955,178947,178951,178949,178957,178959,131140,139048,97817,26153,123091,32836,154917,1360,149711,149700,103741,133837,
216092	105144,104085,178947,178951,178955,178949,178957,178959,123091,26153,97817,103741,1360,129309,106970,32836,140006,143791,139974,119844,
216511	104085,133837,2254,109576,149711,149700,26153,123091,146252,73868,1360,162808,147839,138010,178959,178955,178957,178951,178949,178947,
216699	105144,104085,178955,178947,178951,178949,178957,178959,123091,131140,139048,32836,97817,106970,26153,154917,133837,149711,149700,162808,
218404	103741,26153,8402,1360,173299,135055,104085,149586,97817,138010,60436,130332,143515,180161,151989,105144,77990,178947,178951,178949,
221032	105144,104085,178955,178947,178951,178949,178957,178959,32836,123091,97817,106970,131140,139048,133837,26153,146252,162808,129309,154917,
231290	104085,105144,178955,178947,178951,178949,178957,178959,97817,26153,123091,131140,139048,133837,32836,140006,143791,139974,119844,134433,
233187	103741,162808,1360,106970,149711,149700,154917,26153,109576,174625,123091,160533,159259,161936,146252,91862,73868,131932,173299,151989,
235390	1211,1464,1199,1884,103741,178947,178951,178949,178955,178957,178959,2021,26153,1360,105144,97817,123091,129309,140006,143791,
236772	720,104085,178947,178951,178955,178949,178957,178959,97817,123091,26153,173299,105144,129309,140006,143791,139974,119844,134433,134427,
236804	104085,105144,178955,178947,178951,178949,178957,178959,97817,26153,131140,139048,32836,123091,133837,140006,143791,139974,139988,119844,
242831	105144,104085,106970,123091,97817,178947,178951,178949,178955,178957,178959,26153,162808,32836,1360,154917,143515,109576,129309,160533,
243984	104085,133837,178955,178959,178947,178951,178957,178949,26153,105144,2254,149711,149700,131140,139048,97817,146252,147839,32836,1360,
245257	104085,105144,178947,178951,178955,178949,178957,178959,97817,26153,123091,131140,139048,32836,1360,133837,154917,138010,129309,106970,
249423	104085,105144,178955,178947,178951,178949,178957,178959,97817,133837,123091,131140,139048,26153,32836,140006,143791,139974,139988,139966,
251972	104085,133837,178955,178947,178951,178949,178957,178959,97817,109576,105144,1360,123091,26153,146329,177209,138400,2254,139048,131140,
255169	105144,104085,178955,178947,178951,178949,178957,178959,26153,97817,123091,131140,139048,32836,1360,103741,154917,106970,133837,161936,
256490	104085,178955,178947,178951,178949,178957,178959,133837,26153,105144,97817,32836,140006,143791,139974,139994,140046,139988,134433,139966,
257035	105144,106970,123091,178947,178951,178955,178949,178957,178959,131140,139048,32836,104085,154917,97817,161936,159259,160533,129309,162808,
258607	104085,105144,178955,178947,178951,178949,178957,178959,97817,26153,123091,131140,139048,133837,32836,140006,143791,139974,119844,139988,
258891	104085,26153,1360,178955,178947,178951,178949,178957,178959,133837,105144,3226,97817,151989,138010,135055,149570,110223,130332,2254,
262618	104085,178955,178947,178951,178949,178957,178959,105144,26153,97817,1360,123091,103741,32836,131140,139048,129309,140006,143791,139974,
267433	104085,105144,26153,1360,97817,178947,178951,178949,178955,178957,178959,130332,123091,151989,103741,143515,73868,138010,154917,177209,
268031	105144,104085,178947,178955,178951,178949,178957,178959,123091,97817,26153,103741,32836,131140,139048,106970,1360,129309,154917,140006,
268451	103741,106970,105144,123091,178955,178947,178951,178949,178957,178959,32836,26153,104085,131140,139048,97817,162808,154917,1360,129309,
270066	178955,178947,178951,178949,178957,178959,105144,104085,123091,131140,139048,97817,32836,106970,133837,140006,143791,139974,119844,134433,
270534	104085,133837,178955,178947,178951,178949,178957,178959,105144,2254,97817,123091,131140,139048,149711,149700,32836,26153,146252,147839,
271567	105144,104085,178955,178947,178951,178949,178957,178959,123091,97817,131140,139048,32836,26153,133837,106970,154917,129309,161936,159259,
272799	104085,105144,178955,178947,178951,178949,178957,178959,26153,97817,123091,131140,139048,1360,103741,32836,129309,161936,159259,160533,
275869	105144,123091,178947,178951,178955,178949,178957,106970,178959,104085,97817,26153,32836,103741,129309,162808,140006,143791,139974,119844,
276205	105144,106970,154917,32836,162808,26153,123091,104085,97817,146252,103741,178947,178951,178955,178949,178957,178959,131140,139048,149711,
276421	370,3868,3869,2657,72407,19,585,3608,1974,1405,105144,78772,123091,98203,131140,139048,178947,178955,178951,178949,
281365	105144,123091,104085,178955,178947,178951,178949,178957,178959,106970,97817,131140,139048,26153,154917,32836,103741,162808,161936,160533,
283809	104085,105144,178955,178947,178951,178949,178957,178959,123091,97817,26153,32836,131140,139048,133837,106970,154917,129309,146252,161936,
287620	104085,105144,178955,178947,178951,178949,178957,178959,133837,97817,131140,139048,123091,26153,32836,140006,143791,139974,139988,139994,
295586	104085,105144,178955,178947,178951,178949,178957,178959,133837,123091,97817,131140,139048,32836,26153,140006,143791,139974,139988,119844,
298353	103741,26153,1360,178955,178947,178951,178949,178957,178959,135055,146329,104085,173299,106397,97817,151989,50944,78701,129309,180045,
303301	104085,105144,178955,178947,178951,178949,178959,178957,131140,139048,133837,97817,2254,149700,149711,149790,110223,177209,162356,138010,
304833	104085,26153,1360,138010,97817,130332,178955,178951,178947,178959,178949,178957,133837,105144,73868,3226,151989,146252,143515,123091,
305504	104085,105144,26153,178955,178947,178951,178949,178957,178959,133837,97817,1360,138010,131140,139048,32836,3226,2254,123091,146252,
307211	104085,133837,178955,178947,178951,178949,178957,178959,97817,105144,131140,139048,123091,140006,143791,139974,140046,139994,134427,134433,
310012	178955,178947,178951,178949,178957,178959,104085,105144,133837,123091,131140,139048,97817,106970,32836,154917,161936,159259,160533,149711,
312141	105144,178955,178947,178951,178949,178957,178959,104085,97817,123091,32836,131140,139048,26153,133837,140006,143791,139974,119844,134433,
317776	178955,178947,178951,178949,178957,104085,178959,123091,97817,133837,105144,131140,139048,26153,161936,159259,160533,129309,106970,32836,




48202	104085,26153,1360,178957,178951,178947,178955,178949,178959,105144,139048,131140,103741,97817,149700,149711,2254,3226,123091,133837,
53357	103741,178957,178949,178959,178951,178947,178955,105144,26153,123091,97817,119844,143791,139976,140000,140006,139952,139988,134433,135388,
56752	106970,123091,105144,178957,178949,178959,178951,178947,178955,32836,162808,103741,97817,139048,131140,129309,26153,159259,160533,161936,
58903	104085,1360,178957,178951,178949,178959,178947,178955,97817,26153,105144,154917,173299,92696,139048,131140,138010,32836,149586,143515,
71493	104085,178957,178949,178959,178951,178947,178955,105144,123091,97817,139048,131140,133837,129309,119844,143791,139976,140000,140006,139988,
72921	106970,105144,104085,139048,131140,149711,149700,123091,178957,178951,178949,178947,178959,178955,162808,97817,32836,154917,146252,159259,
83332	104085,26153,1360,138010,97817,130332,73868,149711,149700,3226,105144,173299,146252,151989,178957,178951,178947,178955,178949,178959,
87356	103741,162808,106970,149711,149700,146252,2254,154917,147839,26153,1360,73868,131932,32836,160533,161936,159259,3226,8402,66246,
109421	105144,104085,178957,178949,178959,178951,178947,178955,26153,123091,133837,97817,103741,32836,119844,143791,139976,140000,139988,140006,
116903	135623,858,160159,6342,5067,77990,120629,133441,8402,50944,131932,157212,98615,103741,99260,117142,50909,118328,144356,140319,
118590	858,1221,7502,103741,8402,149586,1360,131932,26153,117142,118328,144356,140319,50909,144540,106369,72204,135055,3226,135623,
119707	104085,105144,178957,178951,178949,178959,178947,178955,133837,123091,139048,131140,97817,32836,26153,149700,149711,2254,106970,147839,
122190	7153,5952,58559,1360,104085,7502,8402,26153,149586,3226,160159,130332,50909,117142,118328,144356,140319,73868,138010,135623,
123234	1360,104085,154917,26153,149711,149700,2254,105144,130332,160159,73868,3226,50909,149586,138010,160533,161936,159259,151989,103741,
124420	7502,105144,154917,104085,32836,1360,103741,106970,149711,149700,162808,26153,131140,139048,118734,3226,146252,2254,131932,135055,
127345	105144,104085,178957,178951,178949,178959,178947,178955,97817,26153,123091,139048,131140,32836,1360,119844,143791,139976,140000,140006,
128785	104085,105144,178957,178949,178959,178951,178947,178955,97817,123091,139048,131140,26153,119844,143791,139976,140000,140006,139988,139952,
129207	105144,178957,178949,178959,178951,178947,178955,123091,97817,103741,119844,143791,139976,140000,140006,139952,134433,139988,135388,134427,
130004	104085,105144,178957,178951,178949,178959,178947,178955,26153,133837,97817,139048,131140,123091,32836,1360,2254,149700,149711,149790,
134679	2254,104085,133837,149790,162356,110223,149700,40738,149711,147839,3226,139630,135272,177209,105144,53766,139048,131140,98251,150387,
135175	105144,104085,178957,178949,178959,178951,178947,178955,123091,97817,139048,131140,32836,154917,26153,106970,143791,139976,140006,139952,
141225	104085,105144,178957,178951,178949,178959,178947,178955,97817,26153,133837,139048,131140,1360,123091,138010,130332,92696,143791,139976,
142439	103741,1360,26153,106970,135055,123091,173299,162808,129309,32836,143515,97817,76816,151989,178957,178947,178955,178949,178959,178951,
143013	858,103741,1221,2019,1360,77990,106970,26153,8402,135055,91862,173299,115669,99260,32990,180161,104920,118328,143515,95477,
143246	86347,86377,86345,92535,7327,3307,2920,1256,2700,108979,2109,1261,1196,1982,720,2019,260,3421,6104,1251,
144095	106970,123091,178949,178957,178959,178951,178947,178955,105144,97817,119844,143791,139976,140000,140006,139952,134433,139988,135388,134427,
146170	104085,178957,178949,178959,178951,178947,178955,106970,97817,123091,105144,139048,131140,26153,32836,138010,159259,160533,161936,129309,
146181	327,178957,178949,178951,178959,178947,178955,104085,133837,105144,3477,123091,97817,139048,131140,32836,119844,143791,139976,140000,
147057	105144,106970,103741,123091,32836,154917,178949,178959,178957,178947,178955,178951,97817,107477,119844,140006,139952,134433,143791,139976,
147249	104085,1360,26153,3226,73868,131932,50944,138010,160159,98615,182875,110897,146252,151989,149700,149711,2254,170283,177325,50909,
152144	178957,178949,178959,178951,178947,178955,123091,105144,97817,106970,103741,26153,104085,129309,32836,119844,143791,139976,140000,140006,
153736	104085,105144,178957,178951,178949,178959,178947,178955,133837,2254,139048,131140,97817,26153,149790,149700,149711,32836,147839,138010,
155009	720,103741,26153,86377,97817,86347,1360,123091,2019,178957,178949,178959,178947,178955,178951,129309,173299,143515,119844,143791,
159445	106970,105144,32836,123091,178957,104085,178951,178949,178959,178947,178955,139048,131140,162808,154917,97817,146252,149711,149700,133837,
160393	104085,105144,178957,178949,178951,178959,178947,178955,123091,133837,154917,139048,131140,32836,26153,103741,97817,2254,159259,160533,
162043	105144,178957,178949,178959,178951,178947,178955,104085,123091,97817,154917,139048,131140,106970,26153,32836,119844,143791,139976,140000,
164818	103741,106970,105144,123091,26153,97817,1360,178949,178957,178959,178947,178955,178951,129309,92696,162808,119844,143791,139976,140000,
166174	104085,105144,26153,178957,178951,178949,178959,178947,178955,1360,103741,97817,32836,123091,146252,139048,131140,106970,147839,151989,
168441	104085,178957,178949,178959,178951,178947,178955,97817,123091,105144,133837,26153,139048,131140,129309,1360,119844,143791,139976,140000,
177022	1360,26153,103741,104085,178957,178949,178959,178951,178947,178955,97817,173299,123091,135055,129309,143515,143791,119844,139976,140000,
185759	104085,26153,1360,103741,105144,178957,178951,178949,178959,178947,178955,97817,123091,32836,139048,131140,135055,129309,151989,92696,
188242	104085,105144,178957,178951,178949,178959,178947,178955,133837,97817,26153,139048,131140,123091,32836,138010,1360,149700,149711,2254,
192430	105144,104085,26153,103741,123091,178957,178951,178949,178947,178959,178955,97817,139048,131140,106970,154917,32836,159259,160533,161936,
192964	104085,105144,178957,178949,178959,178951,178947,178955,26153,97817,123091,103741,32836,139048,131140,133837,106970,129309,143791,119844,
195928	104085,133837,178957,178951,178949,178959,178947,178955,177209,173299,130332,2254,26153,97817,110223,138010,149790,3226,162356,1360,
202307	106970,123091,105144,162808,178957,178951,178949,178959,178947,178955,32836,139048,131140,97817,104085,154917,103741,149711,149700,26153,
205987	105144,104085,123091,178957,178949,178959,178951,178947,178955,106970,97817,139048,131140,32836,26153,162808,129309,154917,103741,159259,
207197	105144,104085,178957,178951,178949,178959,178947,178955,97817,123091,139048,131140,26153,133837,32836,129309,143791,119844,139976,140000,
207282	105144,104085,178957,178949,178951,178959,178947,178955,123091,97817,26153,32836,139048,131140,103741,106970,119844,143791,139976,140000,
208533	105144,104085,178957,178949,178959,178951,178947,178955,123091,97817,106970,139048,131140,26153,32836,154917,129309,119844,143791,140006,
210924	103741,106970,105144,123091,26153,154917,97817,1360,162808,160533,161936,159259,143515,129309,178949,178959,178947,178957,178955,178951,
212357	104085,105144,178957,178951,178949,178959,178947,178955,133837,139048,131140,2254,26153,97817,123091,32836,149700,149711,149790,147839,
212794	105144,106970,123091,154917,178949,178959,178957,178947,178955,178951,97817,103741,32836,162808,139048,131140,129309,107477,160533,161936,
214919	104085,105144,178957,178951,178949,178959,178947,178955,97817,123091,26153,139048,131140,1360,133837,154917,129309,143791,119844,139976,
215177	88125,2254,104085,149711,149700,133837,147839,131140,139048,146252,149790,4896,145100,81834,105144,109576,40738,3226,53766,178951,
215678	105144,104085,178957,178951,178949,178959,178947,178955,97817,139048,131140,26153,123091,32836,154917,1360,149711,149700,133837,103741,
216092	105144,104085,178957,178949,178959,178951,178947,178955,26153,123091,97817,103741,1360,129309,106970,32836,119844,143791,139976,140006,
216511	104085,133837,2254,109576,149711,149700,123091,26153,146252,73868,1360,162808,138010,147839,178951,178957,178947,178955,178949,178959,
216699	105144,104085,178957,178951,178949,178959,178947,178955,123091,139048,131140,32836,97817,106970,26153,154917,133837,149711,149700,162808,
218404	103741,26153,8402,1360,173299,135055,149586,104085,138010,97817,60436,130332,143515,180161,151989,77990,105144,178957,178947,178955,
221032	105144,104085,178957,178949,178951,178959,178947,178955,32836,123091,97817,106970,139048,131140,133837,26153,146252,162808,129309,154917,
231290	104085,105144,178957,178951,178949,178959,178947,178955,97817,26153,123091,139048,131140,133837,32836,119844,143791,139976,139988,140000,
233187	103741,1360,162808,106970,149711,149700,26153,154917,109576,174625,123091,160533,161936,146252,159259,91862,73868,131932,151989,173299,
235390	1211,1464,1199,1884,2021,103741,178949,178957,178959,178951,178947,178955,26153,105144,97817,1360,123091,119844,143791,139976,
236772	720,104085,178957,178949,178959,178951,178947,178955,97817,123091,26153,105144,173299,1360,129309,119844,143791,139976,140000,140006,
236804	104085,105144,178957,178951,178949,178959,178947,178955,97817,26153,139048,131140,32836,123091,133837,143791,139976,140000,140006,139988,
242831	104085,106970,105144,123091,97817,178949,178959,178957,178947,178955,178951,162808,26153,32836,1360,154917,143515,109576,129309,160533,
243984	104085,133837,178957,178951,178947,178955,178949,178959,26153,105144,2254,149700,149711,139048,131140,97817,146252,147839,1360,32836,
245257	104085,105144,178957,178949,178959,178951,178947,178955,97817,26153,123091,139048,131140,32836,1360,133837,138010,154917,149711,149700,
249423	104085,105144,178957,178951,178949,178959,178947,178955,97817,133837,123091,139048,131140,26153,32836,143791,139976,140000,119844,140006,
251972	104085,133837,178957,178949,178959,178951,178947,178955,97817,109576,105144,1360,123091,26153,177209,146329,2254,138400,147839,140000,
255169	105144,104085,178957,178951,178949,178959,178947,178955,26153,97817,123091,139048,131140,32836,1360,103741,154917,106970,138010,133837,
256490	104085,178957,178951,178949,178959,178947,178955,133837,26153,105144,97817,32836,119844,143791,139976,140000,139988,140006,139978,139952,
257035	105144,106970,123091,178957,178949,178959,178951,178947,178955,139048,131140,32836,104085,154917,97817,159259,160533,161936,129309,162808,
258607	104085,105144,178957,178951,178949,178959,178947,178955,97817,26153,123091,133837,139048,131140,32836,143791,139976,140006,140000,119844,
258891	104085,26153,1360,178951,178957,178949,178959,178947,178955,133837,105144,3226,97817,151989,138010,135055,149570,110223,130332,2254,
262618	104085,178957,178951,178949,178959,178947,178955,105144,26153,97817,1360,123091,103741,32836,139048,131140,129309,119844,143791,139976,
267433	104085,105144,26153,1360,97817,178957,178949,178959,178947,178951,178955,130332,123091,151989,103741,143515,138010,73868,154917,177209,
268031	105144,104085,178957,178949,178959,178951,178947,178955,123091,97817,26153,103741,32836,106970,1360,139048,131140,129309,154917,143791,
268451	106970,103741,105144,123091,178957,178951,178949,178959,178947,178955,32836,26153,104085,97817,139048,131140,162808,1360,154917,129309,
270066	178957,178951,178949,178959,178947,178955,105144,123091,104085,139048,131140,97817,32836,106970,133837,119844,143791,139976,140000,140006,
270534	104085,133837,178957,178951,178949,178959,178947,178955,105144,97817,123091,2254,139048,131140,149700,149711,32836,26153,146252,147839,
271567	105144,104085,178957,178951,178949,178959,178947,178955,123091,97817,139048,131140,32836,26153,133837,106970,154917,129309,159259,160533,
272799	104085,105144,178957,178951,178949,178959,178947,178955,26153,97817,123091,139048,131140,1360,103741,32836,129309,159259,160533,161936,
275869	123091,105144,178957,106970,178949,178959,178951,178947,178955,104085,97817,26153,32836,103741,162808,129309,119844,143791,139976,140006,
276205	105144,106970,154917,32836,162808,123091,26153,104085,97817,146252,178957,178949,178959,178951,178947,178955,103741,131140,139048,149711,
276421	370,3868,3869,2657,585,72407,3608,19,105144,123091,2926,839,1405,139048,131140,1974,1916,178957,178949,178959,
281365	105144,123091,104085,178957,178951,178949,178959,178947,178955,106970,97817,139048,131140,26153,154917,32836,162808,159259,160533,161936,
283809	104085,105144,178957,178951,178949,178959,178947,178955,97817,123091,26153,32836,139048,131140,133837,106970,129309,154917,143791,139976,
287620	104085,105144,178957,178951,178949,178959,178947,178955,133837,97817,139048,131140,123091,26153,32836,143791,139976,140000,119844,139988,
295586	104085,105144,178957,178951,178949,178959,178947,178955,133837,123091,139048,131140,97817,32836,26153,143791,139976,140000,140006,119844,
298353	103741,26153,1360,178957,178951,178949,178959,178947,178955,135055,146329,104085,173299,106397,97817,151989,50944,78701,129309,138606,
303301	104085,105144,178957,178951,178949,178959,178947,178955,139048,131140,133837,97817,2254,149700,149711,149790,110223,177209,138010,162356,
304833	104085,26153,1360,138010,130332,97817,178957,178947,178951,178955,178949,178959,105144,133837,73868,151989,3226,146252,143515,123091,
305504	104085,105144,26153,178957,178951,178949,178959,178947,178955,133837,97817,1360,138010,139048,131140,32836,3226,123091,149790,2254,
307211	104085,133837,178957,178951,178949,178959,178947,178955,97817,105144,139048,131140,123091,119844,143791,139976,140000,139988,140006,139978,
310012	178957,178951,178949,178959,178947,178955,104085,105144,133837,123091,139048,131140,97817,106970,32836,159259,154917,160533,161936,129309,
312141	105144,178957,178949,178951,178959,178947,178955,104085,97817,123091,32836,139048,131140,26153,133837,119844,143791,139976,140000,140006,
317776	178957,178951,178949,178959,178947,178955,104085,123091,97817,133837,105144,139048,131140,26153,129309,159259,160533,161936,106970,32836,




48202	104085,26153,1360,105144,178955,178951,178947,178959,178957,178949,139048,131140,103741,97817,149711,149700,2254,3226,123091,32836,
53357	103741,178955,178951,178947,178959,178949,178957,105144,123091,26153,97817,140046,139974,139966,134423,139994,139986,140000,140006,134433,
56752	106970,123091,105144,178955,178951,178947,178959,178949,178957,32836,162808,103741,97817,139048,131140,129309,26153,159259,160533,161936,
58903	104085,1360,178955,178951,178947,178959,178957,178949,97817,26153,105144,173299,154917,92696,139048,131140,138010,149586,32836,143515,
71493	104085,178955,178951,178947,178959,178949,178957,105144,123091,97817,139048,131140,133837,129309,1360,140046,139974,139966,134423,139994,
72921	105144,106970,104085,139048,131140,149711,149700,123091,178955,178951,178947,178959,178957,178949,162808,97817,32836,154917,146252,159259,
83332	104085,26153,1360,138010,130332,105144,97817,73868,3226,149711,149700,173299,146252,2254,151989,159259,160533,161936,178955,178957,
87356	103741,162808,106970,149711,149700,146252,2254,154917,147839,26153,1360,73868,131932,32836,3226,8402,160533,159259,161936,66246,
109421	105144,104085,178955,178951,178947,178959,178949,178957,26153,123091,133837,103741,97817,32836,139974,139966,134423,139994,140046,139986,
116903	135623,858,6342,5067,160159,77990,133441,120629,8402,131932,157212,50944,98615,144540,106369,99260,72204,90104,103741,42794,
118590	858,1221,7502,103741,8402,149586,1360,131932,26153,135055,144540,106369,72204,140319,117142,144356,3226,50909,118328,135623,
119707	104085,105144,178955,178951,178947,178959,178949,178957,133837,123091,139048,131140,97817,32836,26153,149711,149700,2254,106970,147839,
122190	7153,5952,58559,1360,7502,104085,8402,26153,149586,3226,160159,130332,140319,117142,144356,50909,118328,73868,138010,135623,
123234	1360,104085,154917,26153,149711,149700,2254,105144,160159,130332,73868,3226,50909,149586,138010,103741,160533,159259,161936,151989,
124420	7502,105144,154917,104085,32836,1360,103741,106970,149711,149700,162808,26153,131140,139048,3226,2254,146252,118734,131932,135055,
127345	105144,104085,178955,178951,178947,178959,178949,178957,97817,26153,123091,139048,131140,32836,1360,139974,139966,134423,140046,139994,
128785	104085,105144,178955,178951,178947,178959,178949,178957,97817,123091,139048,131140,26153,139974,140046,139966,134423,139994,139986,140000,
129207	105144,123091,178955,178951,178947,178959,178949,178957,97817,103741,104085,140046,139974,139966,134423,139994,139986,140000,140006,134433,
130004	104085,105144,178955,178951,178947,178959,178957,178949,26153,133837,97817,139048,131140,123091,32836,1360,2254,149700,149711,149790,
134679	2254,104085,133837,149790,162356,110223,40738,3226,147839,149711,149700,139630,135272,177209,105144,53766,88075,141886,107447,98251,
135175	105144,104085,178955,178951,178947,178959,178949,178957,123091,139048,131140,97817,32836,154917,106970,26153,139974,139966,140046,134423,
141225	104085,105144,178955,178951,178947,178959,178949,178957,97817,26153,133837,139048,131140,1360,123091,138010,130332,92696,134423,139994,
142439	103741,1360,26153,106970,123091,135055,173299,162808,129309,97817,32836,143515,151989,76816,178955,178951,178947,178959,178949,178957,
143013	858,1221,103741,2019,1360,106970,26153,77990,8402,135055,173299,91862,115669,32990,180161,99260,143515,117142,95477,140319,
143246	86347,86377,86345,92535,7327,3307,1256,2700,2920,1261,1196,108979,2109,1982,3421,2019,260,6104,720,1251,
144095	106970,123091,178955,178951,178947,178959,178949,178957,105144,97817,140046,139974,139966,134423,139994,139986,140000,140006,134433,139952,
146170	104085,106970,178955,178951,178947,178959,178957,178949,97817,105144,123091,139048,131140,26153,32836,138010,159259,160533,161936,129309,
146181	327,178955,178951,178947,178959,178949,178957,104085,133837,105144,3477,123091,97817,139048,131140,32836,139974,139966,140046,134423,
147057	105144,106970,103741,123091,32836,154917,178955,178951,178947,178959,178949,178957,97817,107477,140046,139974,139966,134423,139994,139986,
147249	104085,1360,26153,3226,73868,131932,50944,138010,160159,98615,110897,182875,146252,2254,170283,151989,149711,149700,177325,50909,
152144	178955,123091,178951,178947,178959,178949,178957,105144,97817,106970,103741,104085,26153,129309,32836,139974,140046,139966,134423,139994,
153736	104085,105144,178955,178951,178947,178959,178957,178949,133837,2254,139048,131140,97817,26153,149790,149700,149711,32836,147839,138010,
155009	720,103741,26153,97817,1360,123091,178955,178951,86377,178947,178959,178949,178957,129309,173299,143515,86347,140046,139974,139966,
159445	106970,105144,32836,123091,104085,178955,178951,178947,178959,178949,178957,139048,131140,162808,154917,97817,146252,149711,149700,26153,
160393	104085,105144,178955,178951,178947,178959,178957,178949,123091,133837,154917,139048,131140,32836,103741,26153,2254,97817,159259,161936,
162043	105144,178955,178951,178947,178959,178949,178957,104085,123091,97817,154917,139048,131140,106970,26153,32836,139974,139966,134423,140046,
164818	103741,106970,105144,123091,26153,97817,1360,178955,178951,178947,178959,178949,178957,129309,92696,162808,140046,139974,139966,134423,
166174	104085,105144,26153,178955,178951,178947,178959,178949,178957,103741,1360,97817,32836,123091,146252,139048,131140,106970,151989,147839,
168441	104085,178955,178951,178947,178959,178949,178957,97817,123091,105144,26153,133837,139048,131140,1360,129309,139974,140046,139966,134423,
177022	1360,26153,103741,104085,97817,178955,178951,178947,178959,178949,178957,173299,123091,135055,129309,143515,151989,140046,139974,139966,
185759	104085,26153,1360,103741,105144,178955,178951,178947,178959,178949,178957,97817,123091,32836,135055,139048,131140,129309,151989,92696,
188242	104085,105144,178955,178951,178947,178959,178957,178949,133837,97817,26153,139048,131140,123091,32836,138010,1360,2254,149700,149711,
192430	105144,104085,26153,103741,123091,178955,178951,178947,178959,178957,178949,97817,139048,131140,106970,154917,32836,159259,160533,161936,
192964	104085,105144,178955,178951,178947,178959,178949,178957,26153,97817,123091,103741,32836,139048,131140,133837,106970,129309,139974,139966,
195928	104085,133837,178955,178951,178947,178957,178959,178949,173299,177209,130332,2254,26153,97817,110223,138010,149790,3226,1360,162356,
202307	106970,123091,105144,162808,178955,178951,178947,178959,178949,178957,32836,139048,131140,97817,104085,103741,154917,149711,149700,26153,
205987	105144,104085,123091,178955,178951,178947,178959,178949,178957,106970,97817,139048,131140,32836,26153,162808,154917,129309,103741,159259,
207197	105144,104085,178955,178951,178947,178959,178949,178957,97817,123091,139048,131140,26153,133837,32836,129309,139974,139966,134423,139994,
207282	105144,104085,178955,178951,178947,178959,178949,178957,123091,97817,26153,32836,139048,131140,103741,106970,139974,139966,134423,140046,
208533	105144,104085,178955,178951,178947,178959,178949,178957,123091,97817,106970,139048,131140,26153,32836,154917,129309,103741,139974,139966,
210924	103741,106970,105144,123091,26153,154917,97817,162808,1360,160533,159259,161936,143515,129309,92696,178955,178951,178947,178959,178949,
212357	104085,105144,178955,178951,178947,178959,178957,178949,133837,139048,131140,2254,26153,97817,123091,32836,149700,149711,149790,147839,
212794	105144,106970,123091,154917,178955,178951,178947,178959,178949,178957,97817,103741,162808,32836,131140,139048,129309,107477,160533,159259,
214919	104085,105144,178955,178951,178947,178959,178949,178957,97817,123091,26153,139048,131140,1360,133837,154917,129309,139974,139966,140046,
215177	88125,2254,104085,133837,149711,149700,147839,139048,131140,146252,149790,105144,145100,109576,40738,3226,178957,178949,178959,178947,
215678	105144,104085,178955,178951,178947,178959,178949,178957,139048,131140,97817,26153,123091,32836,154917,1360,149711,149700,103741,133837,
216092	105144,104085,178955,178951,178947,178959,178949,178957,123091,26153,97817,103741,1360,129309,106970,32836,140046,139974,139966,134423,
216511	104085,2254,133837,109576,149711,149700,123091,26153,146252,1360,73868,162808,147839,138010,178955,178951,178947,178957,178959,178949,
216699	105144,104085,178955,178951,178947,178959,178949,178957,123091,139048,131140,32836,97817,106970,26153,154917,133837,149711,149700,162808,
218404	103741,26153,8402,1360,135055,173299,138010,104085,149586,97817,130332,60436,143515,180161,151989,105144,77990,76816,50909,178955,
221032	105144,104085,178955,178951,178947,178959,178949,178957,32836,123091,106970,97817,139048,131140,133837,26153,146252,162808,129309,154917,
231290	104085,105144,178955,178951,178947,178959,178949,178957,97817,123091,26153,139048,131140,133837,32836,139974,139966,140046,134423,139994,
233187	103741,1360,162808,106970,149711,149700,26153,154917,109576,123091,174625,160533,159259,161936,146252,91862,73868,131932,151989,173299,
235390	1211,1884,1464,1199,2021,103741,178955,178951,178947,178959,178949,178957,26153,97817,123091,1360,105144,140046,139974,139966,
236772	720,104085,178955,178951,178947,178959,178949,178957,97817,123091,26153,105144,173299,1360,129309,140046,139974,139966,134423,139994,
236804	104085,105144,178955,178951,178947,178959,178949,178957,97817,26153,139048,131140,32836,123091,133837,139974,134423,139966,139994,140046,
242831	104085,105144,106970,123091,97817,178955,178951,178947,178959,178949,178957,26153,162808,32836,1360,109576,143515,129309,154917,159259,
243984	104085,133837,178955,178951,178947,178959,178957,178949,105144,26153,2254,149711,149700,139048,131140,97817,146252,147839,1360,32836,
245257	104085,105144,178955,178951,178947,178959,178949,178957,97817,26153,123091,139048,131140,32836,1360,133837,154917,106970,138010,129309,
249423	104085,105144,178955,178951,178947,178959,178949,178957,97817,133837,123091,139048,131140,26153,32836,134423,139994,139974,139966,140046,
251972	104085,133837,178955,178951,178947,178959,178949,178957,97817,109576,1360,105144,123091,26153,146329,177209,138400,2254,147839,139994,
255169	105144,104085,178955,178951,178947,178959,178949,178957,26153,97817,123091,139048,131140,32836,1360,103741,154917,106970,159259,138010,
256490	104085,178955,178951,178947,178959,178949,178957,133837,26153,105144,97817,32836,134423,139994,139974,139966,140046,139986,140000,139978,
257035	105144,106970,123091,178955,178951,178947,178959,178949,178957,139048,131140,32836,104085,154917,97817,159259,160533,161936,129309,162808,
258607	104085,105144,178955,178951,178947,178959,178949,178957,97817,26153,123091,139048,131140,133837,32836,139974,139966,134423,140046,139994,
258891	104085,26153,1360,178955,178951,178947,178959,178949,178957,133837,105144,3226,97817,151989,138010,135055,110223,149570,130332,2254,
262618	104085,178955,178951,178947,178959,178949,178957,105144,26153,97817,1360,123091,32836,103741,139048,131140,139974,139966,134423,139994,
267433	104085,105144,26153,1360,97817,178955,178951,178947,178959,178949,178957,130332,123091,151989,103741,143515,73868,138010,177209,154917,
268031	105144,104085,178955,178951,178947,178959,178949,178957,123091,26153,97817,103741,32836,1360,139048,131140,106970,129309,154917,139974,
268451	106970,103741,105144,123091,178955,178951,178947,178959,178949,178957,32836,26153,104085,131140,139048,162808,97817,1360,154917,129309,
270066	178955,178951,178947,178959,178949,178957,105144,104085,123091,139048,131140,97817,106970,32836,133837,139974,139966,134423,139994,140046,
270534	104085,133837,178955,178951,178947,178959,178949,178957,105144,97817,2254,123091,139048,131140,149711,149700,32836,26153,146252,147839,
271567	105144,104085,178955,178951,178947,178959,178949,178957,123091,139048,131140,97817,32836,26153,133837,106970,154917,129309,159259,161936,
272799	104085,105144,178955,178951,178947,178959,178949,178957,26153,97817,123091,139048,131140,1360,103741,32836,129309,161936,159259,160533,
275869	105144,123091,106970,178955,178951,178947,178959,178949,178957,104085,97817,26153,32836,103741,162808,129309,139974,140046,139966,134423,
276205	105144,106970,162808,32836,154917,123091,26153,104085,146252,97817,178955,178951,178947,178959,178957,178949,103741,139048,131140,149711,
276421	370,3868,3869,2657,585,72407,3608,1513,1405,105144,123091,2926,839,139048,131140,98203,1916,1974,19,178955,
281365	105144,123091,104085,178955,178951,178947,178959,178949,178957,106970,97817,139048,131140,26153,154917,32836,162808,103741,159259,160533,
283809	104085,105144,178955,178951,178947,178959,178957,178949,123091,97817,26153,32836,139048,131140,133837,106970,154917,129309,146252,159259,
287620	104085,105144,178955,178951,178947,178959,178949,178957,133837,97817,139048,131140,123091,26153,32836,134423,139974,139994,139966,140046,
295586	104085,105144,178955,178951,178947,178959,178949,178957,133837,123091,139048,131140,97817,32836,26153,139974,134423,139966,139994,140046,
298353	103741,26153,1360,178955,178951,178947,178959,178949,178957,135055,146329,104085,173299,106397,97817,151989,50944,78701,180045,129309,
303301	104085,105144,178957,178955,178951,178947,178959,178949,139048,131140,133837,97817,2254,149700,149711,149790,110223,177209,150387,98251,
304833	104085,26153,1360,138010,97817,105144,130332,178955,178951,178947,178959,178957,178949,133837,73868,151989,3226,146252,143515,123091,
305504	104085,105144,26153,178955,178951,178947,178959,178957,178949,133837,97817,1360,138010,139048,131140,32836,123091,3226,146252,2254,
307211	104085,133837,178955,178951,178947,178959,178949,178957,97817,105144,139048,131140,123091,134423,139994,139974,139966,139986,140046,140000,
310012	178955,178951,178947,178959,178957,178949,104085,105144,123091,133837,139048,131140,97817,106970,32836,154917,159259,160533,161936,129309,
312141	105144,104085,178955,178951,178947,178959,178949,178957,97817,123091,139048,32836,131140,26153,133837,106970,139974,139966,134423,140046,
317776	104085,178955,178951,178947,178959,178957,178949,123091,97817,133837,105144,139048,131140,26153,129309,159259,106970,160533,161936,32836,




48202	104085,26153,1360,105144,178957,178959,178947,178955,178951,178949,131140,139048,103741,97817,149700,149711,2254,3226,154917,32836,
53357	103741,178959,178951,178957,178947,178955,178949,105144,123091,97817,26153,106970,139988,139982,134427,143791,119615,134423,118995,135388,
56752	106970,123091,105144,178959,178957,178951,178947,178955,178949,32836,162808,103741,97817,131140,139048,129309,26153,160533,159259,161936,
58903	104085,178959,178957,178951,178947,178955,178949,97817,1360,105144,26153,154917,173299,131140,139048,138010,92696,32836,149586,143515,
71493	104085,178959,178957,178951,178947,178955,178949,105144,123091,97817,131140,139048,133837,129309,134427,139988,139982,119615,134423,143791,
72921	105144,106970,104085,131140,139048,149700,149711,178957,178959,178951,178947,178955,178949,123091,162808,32836,97817,154917,146252,133837,
83332	104085,26153,1360,138010,97817,105144,130332,73868,149700,3226,149711,173299,146252,178957,178947,178955,178959,178949,178951,103741,
87356	103741,106970,162808,149700,149711,146252,2254,154917,26153,147839,1360,73868,131932,32836,3226,159259,160533,161936,66246,109576,
109421	105144,104085,178959,178957,178951,178947,178955,178949,26153,123091,103741,133837,97817,32836,139988,139982,134427,143791,134423,118995,
116903	858,135623,160159,5067,77990,6342,133441,120629,8402,131932,50944,157212,98615,103741,99260,72204,106369,144540,90104,50909,
118590	858,1221,7502,103741,8402,149586,131932,1360,26153,135055,72204,106369,144540,140319,117142,118328,144356,50909,3226,135623,
119707	104085,105144,178959,178957,178951,178947,178955,178949,133837,123091,131140,139048,97817,32836,26153,149700,149711,2254,106970,147839,
122190	7153,5952,58559,7502,720,1360,104085,8402,3226,149586,160159,745,26153,130332,50909,140319,144356,118328,117142,138010,
123234	1360,104085,154917,26153,149700,149711,2254,105144,160159,73868,3226,130332,50909,149586,103741,135055,138010,159259,151989,160533,
124420	7502,105144,154917,104085,32836,106970,1360,103741,149700,149711,162808,139048,131140,26153,146252,2254,3226,118734,135055,131932,
127345	105144,104085,178959,178957,178951,178947,178955,178949,97817,26153,123091,131140,139048,32836,1360,134427,139988,139982,134423,143791,
128785	104085,105144,178959,178957,178951,178947,178955,178949,97817,123091,131140,139048,26153,134427,139988,139982,143791,134423,119615,118995,
129207	105144,123091,178959,178951,178957,178947,178955,178949,97817,103741,139988,139982,134427,143791,134423,119615,118995,135388,139978,140046,
130004	104085,105144,178959,178957,178951,178947,178955,178949,133837,26153,97817,131140,139048,123091,32836,1360,2254,149700,149711,149790,
134679	2254,104085,133837,149790,162356,110223,3226,40738,139630,135272,147839,149700,149711,88075,177209,53766,153584,107447,141886,169250,
135175	105144,104085,178959,178957,178951,178947,178955,178949,123091,131140,139048,97817,32836,154917,106970,26153,134427,139988,139982,134423,
141225	104085,105144,178959,178957,178951,178947,178955,178949,97817,26153,131140,139048,133837,1360,123091,138010,92696,130332,134427,143791,
142439	103741,1360,26153,106970,135055,123091,173299,162808,97817,129309,143515,32836,151989,76816,178951,178959,178947,178955,178957,178949,
143013	858,1221,103741,2019,1360,77990,8402,106970,26153,135055,173299,91862,115669,99260,32990,104920,180161,143515,140319,95477,
143246	86347,86377,86345,92535,7327,3307,2920,1256,3421,2109,1196,108979,2700,1261,3552,6104,1982,2019,260,720,
144095	106970,123091,178959,178951,178957,178947,178955,178949,105144,97817,139988,139982,134427,119615,143791,134423,118995,135388,139978,140046,
146170	104085,106970,178959,178957,178951,178947,178955,178949,97817,123091,105144,131140,139048,26153,32836,138010,160533,159259,161936,129309,
146181	327,178959,178957,178951,178947,178955,178949,104085,133837,105144,123091,97817,3477,131140,139048,32836,139988,134427,139982,134423,
147057	105144,106970,103741,123091,32836,154917,178959,178951,178957,178947,178955,178949,97817,107477,139988,139982,134427,119615,143791,134423,
147249	104085,1360,26153,3226,73868,131932,138010,50944,160159,98615,146252,110897,182875,149700,149711,2254,151989,170283,177325,50909,
152144	178959,178957,178951,178947,178955,178949,123091,105144,97817,103741,106970,26153,104085,129309,139988,139982,134427,119615,134423,143791,
153736	104085,105144,178957,178959,178951,178947,178955,178949,133837,2254,131140,139048,97817,26153,149790,149700,149711,32836,147839,138010,
155009	720,103741,86377,26153,97817,1360,123091,86347,178959,178951,178957,178947,178955,178949,129309,173299,143515,139988,139982,134427,
159445	105144,106970,32836,104085,123091,178959,178957,178951,178947,178955,178949,131140,139048,162808,154917,97817,146252,149700,149711,133837,
160393	104085,105144,178959,178957,178951,178947,178955,178949,123091,133837,131140,139048,154917,32836,26153,103741,2254,160533,161936,97817,
162043	105144,178959,178957,178951,178947,178955,178949,104085,123091,97817,154917,131140,139048,106970,32836,26153,134427,139988,139982,143791,
164818	103741,106970,123091,105144,26153,97817,1360,178959,178951,178957,178947,178955,178949,129309,92696,162808,139988,139982,134427,119615,
166174	104085,105144,26153,178959,178957,178951,178947,178955,178949,103741,97817,1360,32836,123091,146252,106970,131140,139048,162808,133837,
168441	104085,178959,178957,178951,178947,178955,178949,97817,123091,105144,26153,133837,131140,139048,1360,129309,134427,139988,139982,119615,
177022	1360,26153,103741,104085,178959,178951,178957,97817,178947,178955,178949,173299,123091,135055,129309,143515,151989,139988,134427,139982,
185759	104085,26153,1360,103741,105144,178959,178957,178951,178947,178955,178949,97817,123091,131140,139048,32836,135055,129309,151989,92696,
188242	104085,105144,178959,178957,178951,178947,178955,178949,133837,97817,26153,131140,139048,123091,32836,138010,1360,149700,149711,2254,
192430	105144,104085,103741,26153,178959,178957,178951,178947,178955,178949,123091,97817,131140,139048,106970,154917,32836,1360,160533,161936,
192964	104085,105144,178959,178957,178951,178947,178955,178949,26153,97817,123091,103741,32836,131140,139048,133837,106970,129309,134427,139988,
195928	104085,133837,178957,178959,178951,178947,178955,178949,173299,177209,130332,2254,97817,26153,110223,138010,149790,3226,1360,162356,
202307	106970,123091,105144,162808,178959,178957,178951,178947,178955,178949,32836,131140,139048,103741,97817,104085,154917,26153,149700,149711,
205987	105144,104085,123091,178959,178957,178951,178947,178955,178949,106970,97817,131140,139048,32836,26153,162808,154917,129309,103741,133837,
207197	105144,104085,178959,178957,178951,178947,178955,178949,97817,123091,131140,139048,26153,133837,32836,129309,134427,139988,139982,119615,
207282	105144,104085,178959,178957,178951,178947,178955,178949,123091,97817,26153,32836,131140,139048,103741,106970,134427,139988,139982,143791,
208533	105144,104085,178959,178957,178951,178947,178955,178949,123091,97817,106970,131140,139048,26153,32836,154917,129309,103741,134427,139988,
210924	103741,106970,105144,123091,26153,154917,97817,1360,159259,160533,161936,162808,143515,129309,178951,178959,178947,178955,178957,178949,
212357	104085,105144,178957,178959,178951,178947,178955,178949,133837,131140,139048,2254,26153,97817,123091,32836,149700,149711,149790,146252,
212794	106970,105144,123091,154917,178959,178951,178957,178947,178955,178949,97817,103741,32836,162808,131140,139048,129309,107477,139988,134427,
214919	104085,105144,178959,178957,178951,178947,178955,178949,97817,123091,26153,131140,139048,1360,133837,154917,129309,134427,139988,139982,
215177	88125,2254,104085,133837,149700,149711,147839,131140,139048,146252,149790,105144,145100,109576,40738,3226,178957,178949,178955,178959,
215678	105144,104085,178959,178957,178951,178947,178955,178949,131140,139048,97817,26153,123091,32836,154917,1360,149700,149711,103741,133837,
216092	105144,104085,178959,178951,178957,178947,178955,178949,123091,26153,97817,103741,1360,129309,106970,32836,134427,139988,139982,119615,
216511	104085,2254,133837,109576,149700,149711,26153,146252,123091,73868,1360,162808,147839,138010,178957,178947,178955,178949,178959,178951,
216699	105144,104085,178959,178957,178951,178947,178955,178949,123091,131140,139048,32836,97817,106970,26153,154917,133837,149700,149711,162808,
218404	103741,26153,8402,1360,135055,173299,138010,149586,97817,60436,130332,143515,180161,104085,77990,151989,50909,105144,76816,141483,
221032	105144,104085,178959,178957,178951,178947,178955,178949,32836,123091,97817,106970,131140,139048,133837,26153,146252,162808,129309,154917,
231290	104085,105144,178959,178957,178951,178947,178955,178949,97817,123091,26153,131140,139048,133837,32836,134427,139988,139982,143791,134423,
233187	103741,1360,162808,106970,149700,149711,154917,26153,109576,123091,174625,146252,159259,160533,161936,73868,91862,131932,151989,173299,
235390	1884,1211,1199,2021,1464,103741,178959,178951,178957,178947,178955,178949,26153,123091,97817,105144,1360,129309,139988,139982,
236772	720,104085,178959,178951,178957,178947,178955,178949,97817,123091,26153,105144,173299,1360,129309,139988,134427,139982,119615,134423,
236804	104085,105144,178959,178957,178951,178947,178955,178949,97817,26153,131140,139048,32836,123091,133837,134427,139982,139988,134423,143791,
242831	106970,104085,105144,123091,97817,178951,178959,178957,178947,178955,178949,162808,26153,32836,1360,109576,129309,143515,154917,159259,
243984	104085,133837,178957,178959,178947,178955,178951,178949,105144,26153,2254,149700,149711,131140,139048,97817,146252,147839,1360,32836,
245257	104085,105144,178959,178957,178951,178947,178955,178949,97817,26153,123091,131140,139048,32836,1360,133837,154917,106970,138010,149700,
249423	104085,105144,178959,178957,178951,178947,178955,178949,97817,133837,123091,131140,139048,26153,32836,134427,139982,139988,134423,118995,
251972	104085,133837,178959,178957,178951,178947,178955,178949,97817,1360,109576,105144,123091,26153,177209,146329,138400,2254,147839,134427,
255169	105144,104085,178959,178957,178951,178947,178955,178949,26153,97817,123091,131140,139048,32836,1360,103741,154917,106970,133837,138010,
256490	104085,178959,178957,178951,178947,178955,178949,133837,26153,105144,97817,32836,134427,139982,139988,143791,134423,118995,135388,139978,
257035	105144,106970,123091,178959,178957,178951,178947,178955,178949,131140,139048,32836,104085,154917,97817,160533,161936,159259,129309,162808,
258607	104085,105144,178959,178957,178951,178947,178955,178949,97817,26153,123091,131140,139048,133837,32836,134427,139988,139982,134423,119615,
258891	104085,26153,1360,178957,178959,178951,178947,178955,178949,133837,105144,3226,97817,151989,135055,138010,149570,110223,130332,177209,
262618	104085,178959,178957,178951,178947,178955,178949,105144,26153,97817,1360,123091,103741,32836,131140,139048,134427,139988,139982,134423,
267433	104085,105144,26153,1360,97817,178959,178951,178957,178947,178955,178949,130332,123091,151989,143515,103741,138010,73868,177209,154917,
268031	105144,104085,178959,178957,178951,178947,178955,178949,123091,26153,97817,103741,32836,131140,139048,1360,106970,129309,154917,134427,
268451	106970,103741,105144,123091,178959,178957,178951,178947,178955,178949,32836,26153,97817,131140,104085,139048,162808,1360,154917,129309,
270066	178959,178957,178951,178947,178955,178949,105144,123091,104085,131140,139048,97817,106970,32836,133837,139988,134427,139982,143791,134423,
270534	104085,133837,178957,178959,178951,178947,178955,178949,105144,97817,123091,2254,131140,139048,149700,149711,32836,26153,146252,147839,
271567	105144,104085,178959,178957,178951,178947,178955,178949,123091,131140,139048,97817,32836,26153,133837,106970,154917,129309,160533,161936,
272799	104085,105144,178959,178957,178951,178947,178955,178949,26153,97817,131140,139048,123091,1360,103741,32836,129309,160533,161936,159259,
275869	105144,123091,106970,178959,178951,178957,178947,178955,178949,97817,104085,26153,32836,103741,162808,129309,139988,134427,139982,119615,
276205	105144,106970,154917,32836,162808,26153,123091,104085,146252,97817,178959,178957,178951,178947,178955,178949,103741,149700,149711,131140,
276421	370,3868,3869,2657,72407,98203,3608,78772,1974,105144,1405,123091,131140,139048,839,178959,178957,178951,178947,178955,
281365	105144,123091,104085,178959,178957,178951,178947,178955,178949,106970,97817,131140,139048,26153,154917,32836,103741,162808,160533,159259,
283809	104085,105144,178959,178957,178951,178947,178955,178949,97817,123091,32836,131140,26153,139048,133837,106970,129309,134427,139988,139982,
287620	104085,105144,178959,178957,178951,178947,178955,178949,133837,97817,131140,139048,123091,26153,32836,134427,139982,139988,134423,143791,
295586	104085,105144,178959,178957,178951,178947,178955,178949,133837,123091,131140,139048,97817,32836,26153,134427,139982,139988,134423,143791,
298353	103741,26153,1360,178959,178957,178951,178947,178955,178949,135055,104085,146329,173299,106397,97817,151989,50944,78701,180045,123091,
303301	104085,105144,178959,178957,178951,178947,178955,178949,131140,139048,133837,97817,2254,149790,149700,149711,110223,150387,98251,162356,
304833	104085,26153,1360,138010,97817,130332,178959,178957,178947,178955,178951,178949,133837,105144,73868,151989,3226,103741,146252,143515,
305504	104085,105144,26153,178957,178959,178951,178947,178955,178949,133837,97817,1360,138010,131140,139048,32836,3226,123091,149790,146252,
307211	104085,133837,178959,178957,178951,178947,178955,178949,97817,105144,131140,139048,123091,134427,139982,139988,143791,134423,118995,135388,
310012	178959,178957,178951,178947,178955,178949,104085,105144,133837,123091,131140,139048,97817,106970,32836,154917,160533,161936,159259,149700,
312141	105144,178959,178957,178951,178947,178955,178949,104085,97817,123091,131140,139048,32836,133837,26153,139988,134427,139982,143791,134423,
317776	178959,178957,178951,178947,178955,178949,104085,123091,97817,133837,105144,131140,139048,26153,129309,160533,161936,159259,106970,32836,
